customer_id,score,tier,target
1,0.40290345057492455,Tier B - Activacion estandar,1
2,0.5070837081345584,Tier B - Activacion estandar,0
3,0.31529678512313325,Tier C - Nurturing,0
4,0.34208411148124185,Tier C - Nurturing,0
5,0.5255348523801361,Tier B - Activacion estandar,0
6,0.6696241512319812,Tier B - Activacion estandar,0
7,0.4851578837328024,Tier B - Activacion estandar,0
8,0.5626561926472486,Tier B - Activacion estandar,0
9,0.5638663331766104,Tier B - Activacion estandar,0
10,0.49486055043859106,Tier B - Activacion estandar,0
11,0.5052482688488757,Tier B - Activacion estandar,0
12,0.4655735538825804,Tier B - Activacion estandar,1
13,0.5167213008423869,Tier B - Activacion estandar,0
14,0.40927403493204045,Tier B - Activacion estandar,0
15,0.510694052912081,Tier B - Activacion estandar,1
16,0.499446538565878,Tier B - Activacion estandar,0
17,0.440473964058844,Tier B - Activacion estandar,0
18,0.5327973483555689,Tier B - Activacion estandar,0
19,0.474245640189279,Tier B - Activacion estandar,0
20,0.4402935439363999,Tier B - Activacion estandar,0
21,0.5637682699901971,Tier B - Activacion estandar,0
22,0.43028470151139836,Tier B - Activacion estandar,0
23,0.4780844787369224,Tier B - Activacion estandar,0
24,0.5429152129765817,Tier B - Activacion estandar,0
25,0.45180105155096806,Tier B - Activacion estandar,0
26,0.4435747436284216,Tier B - Activacion estandar,0
27,0.3818800564606352,Tier C - Nurturing,1
28,0.5270508248071625,Tier B - Activacion estandar,1
29,0.3742063904822024,Tier C - Nurturing,0
30,0.5622235883136292,Tier B - Activacion estandar,0
31,0.517329469360004,Tier B - Activacion estandar,0
32,0.5460304837625444,Tier B - Activacion estandar,0
33,0.5288608612021742,Tier B - Activacion estandar,0
34,0.5045273178947178,Tier B - Activacion estandar,0
35,0.44733068492696226,Tier B - Activacion estandar,0
36,0.6140286276400055,Tier B - Activacion estandar,0
37,0.47883512581459303,Tier B - Activacion estandar,0
38,0.5373123972785927,Tier B - Activacion estandar,0
39,0.464551179709767,Tier B - Activacion estandar,0
40,0.45989107004251084,Tier B - Activacion estandar,0
41,0.4211865602494955,Tier B - Activacion estandar,0
42,0.49207487307474035,Tier B - Activacion estandar,0
43,0.4662339903455659,Tier B - Activacion estandar,1
44,0.5315753772180293,Tier B - Activacion estandar,1
45,0.485356017921416,Tier B - Activacion estandar,0
46,0.44439903120872715,Tier B - Activacion estandar,1
47,0.423004688711467,Tier B - Activacion estandar,0
48,0.5008234923620941,Tier B - Activacion estandar,0
49,0.46705216497872915,Tier B - Activacion estandar,0
50,0.5647235646564887,Tier B - Activacion estandar,1
51,0.5594473013399995,Tier B - Activacion estandar,0
52,0.5308653331797165,Tier B - Activacion estandar,1
53,0.5055954687327104,Tier B - Activacion estandar,1
54,0.46688645501701764,Tier B - Activacion estandar,0
55,0.5140747544483188,Tier B - Activacion estandar,1
56,0.4888089483311438,Tier B - Activacion estandar,0
57,0.5265769187016623,Tier B - Activacion estandar,0
58,0.44417496245275345,Tier B - Activacion estandar,0
59,0.5880277826816482,Tier B - Activacion estandar,0
60,0.4362099296755088,Tier B - Activacion estandar,0
61,0.507322161625291,Tier B - Activacion estandar,0
62,0.589069519747224,Tier B - Activacion estandar,0
63,0.520284920150696,Tier B - Activacion estandar,0
64,0.5325697193303403,Tier B - Activacion estandar,0
65,0.4511831039007326,Tier B - Activacion estandar,0
66,0.4404490671510577,Tier B - Activacion estandar,0
67,0.4534434575340607,Tier B - Activacion estandar,0
68,0.40351577952235035,Tier B - Activacion estandar,0
69,0.44038564020476734,Tier B - Activacion estandar,0
70,0.5260462030863504,Tier B - Activacion estandar,0
71,0.5705891789906764,Tier B - Activacion estandar,1
72,0.4450431813666801,Tier B - Activacion estandar,0
73,0.4440804794462055,Tier B - Activacion estandar,0
74,0.4837696983080977,Tier B - Activacion estandar,0
75,0.5710269701340894,Tier B - Activacion estandar,0
76,0.5106055447293611,Tier B - Activacion estandar,0
77,0.5438800561659781,Tier B - Activacion estandar,0
78,0.5192488318303321,Tier B - Activacion estandar,0
79,0.44158618868582195,Tier B - Activacion estandar,0
80,0.4601978363962279,Tier B - Activacion estandar,0
81,0.45927961403307543,Tier B - Activacion estandar,0
82,0.44874405917820925,Tier B - Activacion estandar,0
83,0.4703772594228563,Tier B - Activacion estandar,0
84,0.5090487375264469,Tier B - Activacion estandar,0
85,0.4843340670376564,Tier B - Activacion estandar,0
86,0.4424671410800073,Tier B - Activacion estandar,0
87,0.49838151209893955,Tier B - Activacion estandar,0
88,0.5256985376335864,Tier B - Activacion estandar,0
89,0.5484348443926435,Tier B - Activacion estandar,0
90,0.42222586296810827,Tier B - Activacion estandar,0
91,0.5050038802325949,Tier B - Activacion estandar,0
92,0.44580357537736165,Tier B - Activacion estandar,0
93,0.37701559567628246,Tier C - Nurturing,0
94,0.5173052373688818,Tier B - Activacion estandar,1
95,0.5302431140744094,Tier B - Activacion estandar,1
96,0.4789650591097287,Tier B - Activacion estandar,0
97,0.490384047188437,Tier B - Activacion estandar,1
98,0.49189963774529594,Tier B - Activacion estandar,0
99,0.6040762150544934,Tier B - Activacion estandar,0
100,0.41574620002395773,Tier B - Activacion estandar,0
101,0.4927168358738489,Tier B - Activacion estandar,0
102,0.46524065348168653,Tier B - Activacion estandar,1
103,0.5214941350795663,Tier B - Activacion estandar,0
104,0.4208137694793727,Tier B - Activacion estandar,0
105,0.5141239697655204,Tier B - Activacion estandar,0
106,0.516159982262127,Tier B - Activacion estandar,0
107,0.41323616166724875,Tier B - Activacion estandar,0
108,0.48377350946911846,Tier B - Activacion estandar,0
109,0.4006311815605992,Tier B - Activacion estandar,0
110,0.39442118537613535,Tier C - Nurturing,0
111,0.5055252409835064,Tier B - Activacion estandar,0
112,0.34092599236986443,Tier C - Nurturing,0
113,0.5218555826354606,Tier B - Activacion estandar,0
114,0.40428152557355074,Tier B - Activacion estandar,0
115,0.5706771613614884,Tier B - Activacion estandar,0
116,0.5353255641064893,Tier B - Activacion estandar,0
117,0.495271301375114,Tier B - Activacion estandar,0
118,0.4283245090761481,Tier B - Activacion estandar,0
119,0.5435018676303139,Tier B - Activacion estandar,0
120,0.582233030852537,Tier B - Activacion estandar,0
121,0.5687265118654109,Tier B - Activacion estandar,0
122,0.567729503478757,Tier B - Activacion estandar,0
123,0.5247394371212301,Tier B - Activacion estandar,0
124,0.5014773309464382,Tier B - Activacion estandar,0
125,0.590280690858054,Tier B - Activacion estandar,0
126,0.4402540117492115,Tier B - Activacion estandar,0
127,0.4391660366548672,Tier B - Activacion estandar,0
128,0.48668404237062735,Tier B - Activacion estandar,1
129,0.548475139431357,Tier B - Activacion estandar,0
130,0.5321644927662094,Tier B - Activacion estandar,0
131,0.41710086582975114,Tier B - Activacion estandar,0
132,0.44911790655005057,Tier B - Activacion estandar,0
133,0.5453853694830143,Tier B - Activacion estandar,0
134,0.5403994394089077,Tier B - Activacion estandar,0
135,0.4504365922705895,Tier B - Activacion estandar,0
136,0.4829418003162355,Tier B - Activacion estandar,0
137,0.43024031302023347,Tier B - Activacion estandar,0
138,0.5074240855250118,Tier B - Activacion estandar,0
139,0.4984985561541446,Tier B - Activacion estandar,0
140,0.47032685039411676,Tier B - Activacion estandar,0
141,0.5267158769466589,Tier B - Activacion estandar,0
142,0.55225449638227,Tier B - Activacion estandar,0
143,0.5116351518880513,Tier B - Activacion estandar,0
144,0.5862022448516507,Tier B - Activacion estandar,0
145,0.42723244410411215,Tier B - Activacion estandar,0
146,0.5455003913189141,Tier B - Activacion estandar,0
147,0.5303600353150699,Tier B - Activacion estandar,0
148,0.5386430929012398,Tier B - Activacion estandar,0
149,0.42097885940962015,Tier B - Activacion estandar,0
150,0.5114502335706604,Tier B - Activacion estandar,0
151,0.5359344892533157,Tier B - Activacion estandar,0
152,0.3443910720373339,Tier C - Nurturing,0
153,0.47164463311057325,Tier B - Activacion estandar,0
154,0.4469556209465456,Tier B - Activacion estandar,0
155,0.4401669767895528,Tier B - Activacion estandar,0
156,0.40236043170402586,Tier B - Activacion estandar,0
157,0.5839124388440895,Tier B - Activacion estandar,0
158,0.5780561127374506,Tier B - Activacion estandar,0
159,0.4713728641964493,Tier B - Activacion estandar,0
160,0.37908991630199307,Tier C - Nurturing,0
161,0.4674880004090943,Tier B - Activacion estandar,1
162,0.5286728897131978,Tier B - Activacion estandar,0
163,0.48918951821961976,Tier B - Activacion estandar,0
164,0.4808562725520987,Tier B - Activacion estandar,0
165,0.5142342258778814,Tier B - Activacion estandar,0
166,0.4805897207309899,Tier B - Activacion estandar,0
167,0.48761101519425526,Tier B - Activacion estandar,0
168,0.43868453434293897,Tier B - Activacion estandar,0
169,0.45372331246084197,Tier B - Activacion estandar,0
170,0.3906974521377194,Tier C - Nurturing,0
171,0.3892313554527418,Tier C - Nurturing,0
172,0.49400843672527345,Tier B - Activacion estandar,0
173,0.5295572482454084,Tier B - Activacion estandar,1
174,0.5672703912991928,Tier B - Activacion estandar,0
175,0.5228379050331495,Tier B - Activacion estandar,1
176,0.5470637526269506,Tier B - Activacion estandar,1
177,0.615224647507806,Tier B - Activacion estandar,1
178,0.46673765804820927,Tier B - Activacion estandar,0
179,0.4780749521658739,Tier B - Activacion estandar,0
180,0.41115011193625367,Tier B - Activacion estandar,0
181,0.5577052694461121,Tier B - Activacion estandar,0
182,0.39474045120507795,Tier C - Nurturing,0
183,0.43970972417047555,Tier B - Activacion estandar,0
184,0.590629205074898,Tier B - Activacion estandar,0
185,0.5170608994672931,Tier B - Activacion estandar,0
186,0.45911088535023287,Tier B - Activacion estandar,0
187,0.45257768082636873,Tier B - Activacion estandar,0
188,0.5234779263765946,Tier B - Activacion estandar,0
189,0.4154859308903993,Tier B - Activacion estandar,0
190,0.5068553395694108,Tier B - Activacion estandar,0
191,0.45940226833004105,Tier B - Activacion estandar,0
192,0.5565839349804049,Tier B - Activacion estandar,1
193,0.5350968112564828,Tier B - Activacion estandar,1
194,0.39926324697549603,Tier C - Nurturing,0
195,0.3871451920480826,Tier C - Nurturing,0
196,0.4922064150455557,Tier B - Activacion estandar,0
197,0.5022247226299875,Tier B - Activacion estandar,1
198,0.5266826407771131,Tier B - Activacion estandar,0
199,0.46397567008746377,Tier B - Activacion estandar,1
200,0.5159223154658944,Tier B - Activacion estandar,0
201,0.4723850346042323,Tier B - Activacion estandar,0
202,0.45871518975897463,Tier B - Activacion estandar,0
203,0.42158120521492337,Tier B - Activacion estandar,0
204,0.581664013169078,Tier B - Activacion estandar,0
205,0.5222068291063257,Tier B - Activacion estandar,0
206,0.582019125006246,Tier B - Activacion estandar,0
207,0.5580694903693556,Tier B - Activacion estandar,0
208,0.42856122695073834,Tier B - Activacion estandar,0
209,0.285503456274417,Tier C - Nurturing,1
210,0.5456243123772588,Tier B - Activacion estandar,0
211,0.4537197792291998,Tier B - Activacion estandar,0
212,0.398537774075716,Tier C - Nurturing,0
213,0.47173165169612086,Tier B - Activacion estandar,0
214,0.44680095919265567,Tier B - Activacion estandar,0
215,0.4369153979867662,Tier B - Activacion estandar,0
216,0.4860273567090649,Tier B - Activacion estandar,0
217,0.5385161489608499,Tier B - Activacion estandar,0
218,0.5309865534514716,Tier B - Activacion estandar,0
219,0.530826241795051,Tier B - Activacion estandar,1
220,0.434179893430361,Tier B - Activacion estandar,0
221,0.4574554625843874,Tier B - Activacion estandar,0
222,0.5473628355899158,Tier B - Activacion estandar,1
223,0.4233821083627207,Tier B - Activacion estandar,0
224,0.5260299106378269,Tier B - Activacion estandar,0
225,0.4839950838749699,Tier B - Activacion estandar,0
226,0.5473102401421597,Tier B - Activacion estandar,0
227,0.515175618497548,Tier B - Activacion estandar,0
228,0.45325765840992804,Tier B - Activacion estandar,0
229,0.507025366927395,Tier B - Activacion estandar,0
230,0.4896216689805854,Tier B - Activacion estandar,0
231,0.522120356104715,Tier B - Activacion estandar,1
232,0.46739227705254743,Tier B - Activacion estandar,0
233,0.5334618018667877,Tier B - Activacion estandar,0
234,0.38453475289762634,Tier C - Nurturing,0
235,0.49357930506275816,Tier B - Activacion estandar,0
236,0.5610183058250541,Tier B - Activacion estandar,0
237,0.40652897611586136,Tier B - Activacion estandar,0
238,0.37381366349631545,Tier C - Nurturing,1
239,0.5356270766549037,Tier B - Activacion estandar,0
240,0.3992296771034332,Tier C - Nurturing,0
241,0.5140803767811482,Tier B - Activacion estandar,0
242,0.467487798458062,Tier B - Activacion estandar,0
243,0.5455740268085626,Tier B - Activacion estandar,1
244,0.5253854821872576,Tier B - Activacion estandar,0
245,0.49103783375242044,Tier B - Activacion estandar,0
246,0.513815607621535,Tier B - Activacion estandar,0
247,0.47780305594577693,Tier B - Activacion estandar,0
248,0.4746343689073444,Tier B - Activacion estandar,0
249,0.4583437928705462,Tier B - Activacion estandar,0
250,0.626339086033441,Tier B - Activacion estandar,0
251,0.3837518534511851,Tier C - Nurturing,1
252,0.43611818724356644,Tier B - Activacion estandar,0
253,0.5075275511480745,Tier B - Activacion estandar,0
254,0.5515493957369338,Tier B - Activacion estandar,0
255,0.5226010698608824,Tier B - Activacion estandar,0
256,0.46383459406138017,Tier B - Activacion estandar,1
257,0.49575235027858555,Tier B - Activacion estandar,0
258,0.5245761061961275,Tier B - Activacion estandar,0
259,0.5977604647931665,Tier B - Activacion estandar,0
260,0.43879386324108993,Tier B - Activacion estandar,1
261,0.43887266553220483,Tier B - Activacion estandar,0
262,0.5396301632432139,Tier B - Activacion estandar,0
263,0.4773499008719899,Tier B - Activacion estandar,0
264,0.5304635635826348,Tier B - Activacion estandar,0
265,0.4327930590310611,Tier B - Activacion estandar,0
266,0.41790150501646933,Tier B - Activacion estandar,0
267,0.468624232338343,Tier B - Activacion estandar,0
268,0.3500481163197794,Tier C - Nurturing,0
269,0.45761163759073004,Tier B - Activacion estandar,0
270,0.5583229015637884,Tier B - Activacion estandar,0
271,0.480854533254767,Tier B - Activacion estandar,0
272,0.5264981359047767,Tier B - Activacion estandar,0
273,0.3359270933947548,Tier C - Nurturing,0
274,0.46150781529559964,Tier B - Activacion estandar,0
275,0.5479578416188114,Tier B - Activacion estandar,0
276,0.5155416653920836,Tier B - Activacion estandar,0
277,0.3957288638439676,Tier C - Nurturing,0
278,0.33310338020475805,Tier C - Nurturing,0
279,0.5922852027586848,Tier B - Activacion estandar,0
280,0.5186845580231986,Tier B - Activacion estandar,1
281,0.5339200966532763,Tier B - Activacion estandar,0
282,0.36137785397895666,Tier C - Nurturing,0
283,0.43171624439654055,Tier B - Activacion estandar,0
284,0.4721082360939856,Tier B - Activacion estandar,1
285,0.46161005147809225,Tier B - Activacion estandar,0
286,0.5416852246557807,Tier B - Activacion estandar,0
287,0.5036685565945586,Tier B - Activacion estandar,0
288,0.44000644185713206,Tier B - Activacion estandar,0
289,0.5673386026327931,Tier B - Activacion estandar,0
290,0.4704354763225465,Tier B - Activacion estandar,0
291,0.448491979952317,Tier B - Activacion estandar,0
292,0.45522394061959753,Tier B - Activacion estandar,0
293,0.4018994477224889,Tier B - Activacion estandar,0
294,0.4774242676020761,Tier B - Activacion estandar,0
295,0.4533894176020202,Tier B - Activacion estandar,1
296,0.5229145892171314,Tier B - Activacion estandar,0
297,0.4966754312630049,Tier B - Activacion estandar,0
298,0.46188666138144796,Tier B - Activacion estandar,0
299,0.4080104333617323,Tier B - Activacion estandar,0
300,0.4590852113650277,Tier B - Activacion estandar,1
301,0.44159169597632253,Tier B - Activacion estandar,0
302,0.4251523118260427,Tier B - Activacion estandar,0
303,0.49591693335161013,Tier B - Activacion estandar,0
304,0.5128001849299407,Tier B - Activacion estandar,0
305,0.3876888612907565,Tier C - Nurturing,0
306,0.46549481683388855,Tier B - Activacion estandar,0
307,0.4920251722666161,Tier B - Activacion estandar,0
308,0.5386488930497834,Tier B - Activacion estandar,0
309,0.5173696507113689,Tier B - Activacion estandar,0
310,0.37654906064845106,Tier C - Nurturing,0
311,0.5852914814306744,Tier B - Activacion estandar,0
312,0.5075146156950557,Tier B - Activacion estandar,1
313,0.5332658525780503,Tier B - Activacion estandar,1
314,0.45150110510538255,Tier B - Activacion estandar,0
315,0.4654319798361266,Tier B - Activacion estandar,0
316,0.4132622414215192,Tier B - Activacion estandar,0
317,0.44523819081456023,Tier B - Activacion estandar,1
318,0.5769639987524997,Tier B - Activacion estandar,0
319,0.47351884758739754,Tier B - Activacion estandar,0
320,0.5380173373033189,Tier B - Activacion estandar,0
321,0.5479749689437589,Tier B - Activacion estandar,1
322,0.5231733362462458,Tier B - Activacion estandar,0
323,0.479824650535139,Tier B - Activacion estandar,0
324,0.5945774443959672,Tier B - Activacion estandar,1
325,0.44696612325882745,Tier B - Activacion estandar,0
326,0.5539485395550947,Tier B - Activacion estandar,0
327,0.4562653670949293,Tier B - Activacion estandar,0
328,0.497809774936178,Tier B - Activacion estandar,0
329,0.4625190825186897,Tier B - Activacion estandar,0
330,0.5230175925545212,Tier B - Activacion estandar,0
331,0.5574736346611734,Tier B - Activacion estandar,1
332,0.5313759583198865,Tier B - Activacion estandar,0
333,0.5140831182505694,Tier B - Activacion estandar,1
334,0.5470149960721978,Tier B - Activacion estandar,0
335,0.48338586416837115,Tier B - Activacion estandar,0
336,0.5358737162593314,Tier B - Activacion estandar,0
337,0.5917461588128429,Tier B - Activacion estandar,1
338,0.27823520804161844,Tier C - Nurturing,0
339,0.5008026411661872,Tier B - Activacion estandar,0
340,0.449014408075169,Tier B - Activacion estandar,0
341,0.48159071324059194,Tier B - Activacion estandar,0
342,0.47157036037294753,Tier B - Activacion estandar,0
343,0.399175537851823,Tier C - Nurturing,0
344,0.457196683828957,Tier B - Activacion estandar,0
345,0.38619017056872623,Tier C - Nurturing,0
346,0.44061813181879506,Tier B - Activacion estandar,0
347,0.40422326383161833,Tier B - Activacion estandar,0
348,0.43783320569722717,Tier B - Activacion estandar,1
349,0.5183065862804781,Tier B - Activacion estandar,0
350,0.4074402530112465,Tier B - Activacion estandar,0
351,0.48792941905734266,Tier B - Activacion estandar,0
352,0.5229225281415327,Tier B - Activacion estandar,1
353,0.47794776759488683,Tier B - Activacion estandar,0
354,0.49007095511322113,Tier B - Activacion estandar,0
355,0.6376709728151523,Tier B - Activacion estandar,1
356,0.5013143605586414,Tier B - Activacion estandar,0
357,0.5095984860467146,Tier B - Activacion estandar,0
358,0.4167377210104305,Tier B - Activacion estandar,1
359,0.5002606256631161,Tier B - Activacion estandar,0
360,0.44313393920657457,Tier B - Activacion estandar,0
361,0.5231088636039718,Tier B - Activacion estandar,0
362,0.4180552691019125,Tier B - Activacion estandar,1
363,0.404464068441178,Tier B - Activacion estandar,0
364,0.31092506032216016,Tier C - Nurturing,1
365,0.5817349556767365,Tier B - Activacion estandar,0
366,0.4537668308343878,Tier B - Activacion estandar,0
367,0.585205295583084,Tier B - Activacion estandar,0
368,0.44243808450830596,Tier B - Activacion estandar,0
369,0.42101599557243397,Tier B - Activacion estandar,0
370,0.5206062041516171,Tier B - Activacion estandar,0
371,0.5072277304279502,Tier B - Activacion estandar,0
372,0.4532344222205136,Tier B - Activacion estandar,0
373,0.5083667206888173,Tier B - Activacion estandar,1
374,0.42256517704314456,Tier B - Activacion estandar,0
375,0.5098673913915935,Tier B - Activacion estandar,0
376,0.3838896255135285,Tier C - Nurturing,0
377,0.5488574740713157,Tier B - Activacion estandar,1
378,0.5513903351307259,Tier B - Activacion estandar,0
379,0.5621338128875245,Tier B - Activacion estandar,0
380,0.4023716803887302,Tier B - Activacion estandar,0
381,0.4994377851510783,Tier B - Activacion estandar,0
382,0.40272862632172146,Tier B - Activacion estandar,1
383,0.3956936478227984,Tier C - Nurturing,0
384,0.48739140897692196,Tier B - Activacion estandar,0
385,0.5078794206459536,Tier B - Activacion estandar,0
386,0.5318468494244531,Tier B - Activacion estandar,0
387,0.6388454554891337,Tier B - Activacion estandar,1
388,0.3614123243915201,Tier C - Nurturing,0
389,0.5906463709393077,Tier B - Activacion estandar,0
390,0.46362221842544393,Tier B - Activacion estandar,0
391,0.5067012903656583,Tier B - Activacion estandar,0
392,0.48965011189387636,Tier B - Activacion estandar,0
393,0.5108247258309558,Tier B - Activacion estandar,0
394,0.44944533180548885,Tier B - Activacion estandar,0
395,0.4757817501210407,Tier B - Activacion estandar,0
396,0.5627898947725285,Tier B - Activacion estandar,1
397,0.5523128294771029,Tier B - Activacion estandar,0
398,0.5251031447640796,Tier B - Activacion estandar,0
399,0.5228192363932941,Tier B - Activacion estandar,0
400,0.5745806039748668,Tier B - Activacion estandar,0
401,0.44645893513533713,Tier B - Activacion estandar,0
402,0.44725116401377885,Tier B - Activacion estandar,0
403,0.5020848719534883,Tier B - Activacion estandar,0
404,0.38298396578761124,Tier C - Nurturing,0
405,0.5279561404941734,Tier B - Activacion estandar,1
406,0.48433582059943164,Tier B - Activacion estandar,0
407,0.5044932809830587,Tier B - Activacion estandar,0
408,0.3768392175012846,Tier C - Nurturing,0
409,0.35057951136684395,Tier C - Nurturing,0
410,0.3630717481191695,Tier C - Nurturing,0
411,0.4386959878099596,Tier B - Activacion estandar,0
412,0.4402472592448281,Tier B - Activacion estandar,0
413,0.516056652053558,Tier B - Activacion estandar,0
414,0.383363467057066,Tier C - Nurturing,0
415,0.4851587351938905,Tier B - Activacion estandar,1
416,0.3763988844427169,Tier C - Nurturing,0
417,0.5138846545321102,Tier B - Activacion estandar,0
418,0.364888360685501,Tier C - Nurturing,0
419,0.4696446167803718,Tier B - Activacion estandar,0
420,0.4705534461676353,Tier B - Activacion estandar,1
421,0.41525089098787216,Tier B - Activacion estandar,0
422,0.4712243548552746,Tier B - Activacion estandar,0
423,0.39958001659700565,Tier C - Nurturing,0
424,0.5128072885355506,Tier B - Activacion estandar,0
425,0.4605040547563075,Tier B - Activacion estandar,1
426,0.3868821342772804,Tier C - Nurturing,1
427,0.41232567820543103,Tier B - Activacion estandar,0
428,0.5348528557602442,Tier B - Activacion estandar,0
429,0.47877619251363573,Tier B - Activacion estandar,0
430,0.5788121213457876,Tier B - Activacion estandar,0
431,0.42034559896405815,Tier B - Activacion estandar,0
432,0.555490878930898,Tier B - Activacion estandar,0
433,0.5030194094336728,Tier B - Activacion estandar,0
434,0.5231314734417738,Tier B - Activacion estandar,0
435,0.5226936337371763,Tier B - Activacion estandar,0
436,0.36437218525210535,Tier C - Nurturing,0
437,0.5153649948199722,Tier B - Activacion estandar,1
438,0.4900142478214161,Tier B - Activacion estandar,0
439,0.440412067315535,Tier B - Activacion estandar,0
440,0.5255817166637927,Tier B - Activacion estandar,1
441,0.5826178963613691,Tier B - Activacion estandar,1
442,0.4981440606810212,Tier B - Activacion estandar,0
443,0.6349574256038784,Tier B - Activacion estandar,0
444,0.48367845938810333,Tier B - Activacion estandar,0
445,0.4730937077946331,Tier B - Activacion estandar,0
446,0.5303808364085101,Tier B - Activacion estandar,0
447,0.40571254217112607,Tier B - Activacion estandar,0
448,0.5274781072654545,Tier B - Activacion estandar,0
449,0.5337645911486762,Tier B - Activacion estandar,0
450,0.5110539714210722,Tier B - Activacion estandar,0
451,0.5156540767540271,Tier B - Activacion estandar,0
452,0.49499585023403325,Tier B - Activacion estandar,0
453,0.5967705652150814,Tier B - Activacion estandar,0
454,0.39125953600405616,Tier C - Nurturing,1
455,0.4172205487260604,Tier B - Activacion estandar,0
456,0.5516973102330502,Tier B - Activacion estandar,1
457,0.31593685404774285,Tier C - Nurturing,0
458,0.48595092227049147,Tier B - Activacion estandar,0
459,0.6507485612491436,Tier B - Activacion estandar,0
460,0.504898414676184,Tier B - Activacion estandar,0
461,0.5988315245513155,Tier B - Activacion estandar,0
462,0.5122263603604046,Tier B - Activacion estandar,0
463,0.4387190085018635,Tier B - Activacion estandar,0
464,0.4609745865663683,Tier B - Activacion estandar,1
465,0.4492308504645894,Tier B - Activacion estandar,0
466,0.4548290035409861,Tier B - Activacion estandar,0
467,0.42071058605400635,Tier B - Activacion estandar,0
468,0.5425672573184245,Tier B - Activacion estandar,1
469,0.5252587906401485,Tier B - Activacion estandar,0
470,0.4804920174557628,Tier B - Activacion estandar,0
471,0.44571555110792743,Tier B - Activacion estandar,0
472,0.47425350744100514,Tier B - Activacion estandar,1
473,0.5121178435510647,Tier B - Activacion estandar,0
474,0.40297101863286855,Tier B - Activacion estandar,1
475,0.4162250144068745,Tier B - Activacion estandar,1
476,0.49500811674055795,Tier B - Activacion estandar,0
477,0.44978199903170357,Tier B - Activacion estandar,0
478,0.5014088754184642,Tier B - Activacion estandar,0
479,0.4290989433425499,Tier B - Activacion estandar,0
480,0.5822653711185798,Tier B - Activacion estandar,0
481,0.5255115955581178,Tier B - Activacion estandar,0
482,0.5123361973205892,Tier B - Activacion estandar,0
483,0.5110156347615843,Tier B - Activacion estandar,0
484,0.42987439651210596,Tier B - Activacion estandar,0
485,0.45233948151690795,Tier B - Activacion estandar,0
486,0.4657840263154338,Tier B - Activacion estandar,1
487,0.48627430408104605,Tier B - Activacion estandar,0
488,0.5617036072850903,Tier B - Activacion estandar,0
489,0.5326192177553468,Tier B - Activacion estandar,0
490,0.5093184644467373,Tier B - Activacion estandar,0
491,0.5015218728909089,Tier B - Activacion estandar,0
492,0.4708430595393966,Tier B - Activacion estandar,0
493,0.46727879442002945,Tier B - Activacion estandar,0
494,0.3393053890048732,Tier C - Nurturing,0
495,0.33858690856749457,Tier C - Nurturing,0
496,0.5522272216083435,Tier B - Activacion estandar,0
497,0.48953895698099126,Tier B - Activacion estandar,1
498,0.4765874789622871,Tier B - Activacion estandar,0
499,0.5616952183992269,Tier B - Activacion estandar,0
500,0.5240016592109347,Tier B - Activacion estandar,0
501,0.534691013993386,Tier B - Activacion estandar,0
502,0.5090829561594793,Tier B - Activacion estandar,0
503,0.36059427025360724,Tier C - Nurturing,0
504,0.4384368405556187,Tier B - Activacion estandar,0
505,0.46001692203862365,Tier B - Activacion estandar,0
506,0.5411479834609816,Tier B - Activacion estandar,0
507,0.31057882297893935,Tier C - Nurturing,0
508,0.49855113982958327,Tier B - Activacion estandar,0
509,0.5115761753633082,Tier B - Activacion estandar,0
510,0.5033153088706322,Tier B - Activacion estandar,0
511,0.563027682376067,Tier B - Activacion estandar,0
512,0.4816763405002417,Tier B - Activacion estandar,1
513,0.49163680421099343,Tier B - Activacion estandar,0
514,0.450036868620833,Tier B - Activacion estandar,0
515,0.48777832616552774,Tier B - Activacion estandar,0
516,0.42984554089278904,Tier B - Activacion estandar,0
517,0.4452784552106877,Tier B - Activacion estandar,0
518,0.5370490964584357,Tier B - Activacion estandar,0
519,0.421877701798097,Tier B - Activacion estandar,0
520,0.4158089599888126,Tier B - Activacion estandar,0
521,0.5341874910485576,Tier B - Activacion estandar,0
522,0.38981166002780304,Tier C - Nurturing,0
523,0.5027136669945588,Tier B - Activacion estandar,0
524,0.45960001479461493,Tier B - Activacion estandar,0
525,0.49514166587646913,Tier B - Activacion estandar,0
526,0.527882438720176,Tier B - Activacion estandar,0
527,0.4432286552844078,Tier B - Activacion estandar,1
528,0.4206134401421101,Tier B - Activacion estandar,0
529,0.48465694076137067,Tier B - Activacion estandar,0
530,0.5617416552293191,Tier B - Activacion estandar,1
531,0.4108136673736897,Tier B - Activacion estandar,0
532,0.3952176561346541,Tier C - Nurturing,0
533,0.5282508418512393,Tier B - Activacion estandar,0
534,0.4997064043797368,Tier B - Activacion estandar,0
535,0.5059919484209451,Tier B - Activacion estandar,0
536,0.4836805947841723,Tier B - Activacion estandar,0
537,0.4644785794208287,Tier B - Activacion estandar,0
538,0.5147901717200005,Tier B - Activacion estandar,0
539,0.17504751240506702,Tier D - Mantenimiento,0
540,0.5202920322826026,Tier B - Activacion estandar,0
541,0.49918792918376814,Tier B - Activacion estandar,0
542,0.542237618687721,Tier B - Activacion estandar,1
543,0.524492850111816,Tier B - Activacion estandar,0
544,0.31749246064805486,Tier C - Nurturing,0
545,0.49621615681014253,Tier B - Activacion estandar,0
546,0.42262302634040766,Tier B - Activacion estandar,1
547,0.5424773882895944,Tier B - Activacion estandar,0
548,0.45029799194717,Tier B - Activacion estandar,0
549,0.46148512080397824,Tier B - Activacion estandar,0
550,0.49266958076643375,Tier B - Activacion estandar,0
551,0.5134748078779237,Tier B - Activacion estandar,1
552,0.46227965523403836,Tier B - Activacion estandar,0
553,0.4754109257870678,Tier B - Activacion estandar,0
554,0.4986803494429641,Tier B - Activacion estandar,0
555,0.41716816236662474,Tier B - Activacion estandar,0
556,0.5999829909323117,Tier B - Activacion estandar,1
557,0.49296828319290026,Tier B - Activacion estandar,0
558,0.4105667709340773,Tier B - Activacion estandar,0
559,0.4887377258323288,Tier B - Activacion estandar,1
560,0.5014741914959194,Tier B - Activacion estandar,0
561,0.5246163811340072,Tier B - Activacion estandar,0
562,0.48316316173942414,Tier B - Activacion estandar,0
563,0.5375629914703136,Tier B - Activacion estandar,0
564,0.4598248121611717,Tier B - Activacion estandar,0
565,0.48331495296576776,Tier B - Activacion estandar,1
566,0.47778890793057094,Tier B - Activacion estandar,0
567,0.5300159431426559,Tier B - Activacion estandar,0
568,0.5082536519384974,Tier B - Activacion estandar,0
569,0.49345049041220596,Tier B - Activacion estandar,0
570,0.408756788076098,Tier B - Activacion estandar,0
571,0.5010102065387003,Tier B - Activacion estandar,0
572,0.49502776268265297,Tier B - Activacion estandar,0
573,0.5105052063808591,Tier B - Activacion estandar,0
574,0.5976887422233538,Tier B - Activacion estandar,0
575,0.41368394177751966,Tier B - Activacion estandar,0
576,0.49474822893173304,Tier B - Activacion estandar,0
577,0.5155129499121183,Tier B - Activacion estandar,0
578,0.47347804045821634,Tier B - Activacion estandar,0
579,0.5247317710221988,Tier B - Activacion estandar,0
580,0.48314603022456176,Tier B - Activacion estandar,0
581,0.4308287131440955,Tier B - Activacion estandar,0
582,0.49535657592634186,Tier B - Activacion estandar,0
583,0.5901268113917943,Tier B - Activacion estandar,0
584,0.46971701640403485,Tier B - Activacion estandar,0
585,0.4244765714469174,Tier B - Activacion estandar,0
586,0.5006985870364795,Tier B - Activacion estandar,0
587,0.5443778119968105,Tier B - Activacion estandar,0
588,0.43796250629796657,Tier B - Activacion estandar,0
589,0.4538095158645325,Tier B - Activacion estandar,0
590,0.4989114438092408,Tier B - Activacion estandar,0
591,0.49068162349757605,Tier B - Activacion estandar,0
592,0.531525437774379,Tier B - Activacion estandar,0
593,0.5181635525362583,Tier B - Activacion estandar,0
594,0.4460901382531934,Tier B - Activacion estandar,0
595,0.6004116740677005,Tier B - Activacion estandar,1
596,0.5830576061437792,Tier B - Activacion estandar,0
597,0.4634205217755324,Tier B - Activacion estandar,0
598,0.509847786418616,Tier B - Activacion estandar,0
599,0.4732618664713461,Tier B - Activacion estandar,0
600,0.40904716008059405,Tier B - Activacion estandar,0
601,0.49867636995591463,Tier B - Activacion estandar,0
602,0.4541543133463771,Tier B - Activacion estandar,1
603,0.519083175124821,Tier B - Activacion estandar,0
604,0.5068513884994499,Tier B - Activacion estandar,0
605,0.49769426912188075,Tier B - Activacion estandar,0
606,0.45302625476655256,Tier B - Activacion estandar,0
607,0.45078571961805536,Tier B - Activacion estandar,0
608,0.4769159998650349,Tier B - Activacion estandar,1
609,0.5787055819056984,Tier B - Activacion estandar,0
610,0.5224299919923435,Tier B - Activacion estandar,0
611,0.4903450964919938,Tier B - Activacion estandar,0
612,0.5237806783441412,Tier B - Activacion estandar,0
613,0.525445712307858,Tier B - Activacion estandar,1
614,0.419750874949458,Tier B - Activacion estandar,0
615,0.5026401173853425,Tier B - Activacion estandar,0
616,0.4021844465051734,Tier B - Activacion estandar,0
617,0.45928699744575857,Tier B - Activacion estandar,0
618,0.4584035683894485,Tier B - Activacion estandar,0
619,0.4452263719371672,Tier B - Activacion estandar,0
620,0.5038498070851081,Tier B - Activacion estandar,0
621,0.6682022964950485,Tier B - Activacion estandar,0
622,0.4043494410684121,Tier B - Activacion estandar,0
623,0.5286329269444014,Tier B - Activacion estandar,0
624,0.5612113106178096,Tier B - Activacion estandar,1
625,0.5845555627489688,Tier B - Activacion estandar,0
626,0.364200448119367,Tier C - Nurturing,0
627,0.4423894453683904,Tier B - Activacion estandar,0
628,0.469024954159725,Tier B - Activacion estandar,0
629,0.5797615347420454,Tier B - Activacion estandar,1
630,0.4576638610486238,Tier B - Activacion estandar,0
631,0.4319144782718097,Tier B - Activacion estandar,0
632,0.4672771649938663,Tier B - Activacion estandar,0
633,0.49533894040816395,Tier B - Activacion estandar,1
634,0.5171859445735844,Tier B - Activacion estandar,0
635,0.269986788486879,Tier C - Nurturing,0
636,0.5071612273673621,Tier B - Activacion estandar,0
637,0.5925561579846006,Tier B - Activacion estandar,0
638,0.5734981685670174,Tier B - Activacion estandar,1
639,0.4685243730684204,Tier B - Activacion estandar,1
640,0.47051882216853763,Tier B - Activacion estandar,0
641,0.44495509164986674,Tier B - Activacion estandar,0
642,0.5014150208812663,Tier B - Activacion estandar,0
643,0.5464546338126177,Tier B - Activacion estandar,0
644,0.4776238129335078,Tier B - Activacion estandar,0
645,0.6338728833113965,Tier B - Activacion estandar,1
646,0.587991971839911,Tier B - Activacion estandar,1
647,0.5543084494774286,Tier B - Activacion estandar,0
648,0.47790439487147474,Tier B - Activacion estandar,0
649,0.3679283389123529,Tier C - Nurturing,0
650,0.5185345654993664,Tier B - Activacion estandar,0
651,0.4342889617646292,Tier B - Activacion estandar,0
652,0.5416085615587971,Tier B - Activacion estandar,0
653,0.5106647529263058,Tier B - Activacion estandar,1
654,0.5215254813637068,Tier B - Activacion estandar,1
655,0.511400425743958,Tier B - Activacion estandar,0
656,0.6316258410526798,Tier B - Activacion estandar,1
657,0.5803213608541119,Tier B - Activacion estandar,0
658,0.47663791056694904,Tier B - Activacion estandar,0
659,0.47894596484772917,Tier B - Activacion estandar,0
660,0.5862369793194613,Tier B - Activacion estandar,0
661,0.409092226458531,Tier B - Activacion estandar,0
662,0.4847084543599958,Tier B - Activacion estandar,0
663,0.5649043746540734,Tier B - Activacion estandar,0
664,0.4858403050499945,Tier B - Activacion estandar,1
665,0.4131554460456397,Tier B - Activacion estandar,0
666,0.5910193565857964,Tier B - Activacion estandar,0
667,0.39418286025804655,Tier C - Nurturing,0
668,0.4838068149882826,Tier B - Activacion estandar,0
669,0.4200508825162838,Tier B - Activacion estandar,0
670,0.4398179124529216,Tier B - Activacion estandar,0
671,0.4641929286450217,Tier B - Activacion estandar,0
672,0.42133384636494914,Tier B - Activacion estandar,0
673,0.49093003185906353,Tier B - Activacion estandar,0
674,0.48656624232667467,Tier B - Activacion estandar,0
675,0.5635424067754053,Tier B - Activacion estandar,1
676,0.5577936346518619,Tier B - Activacion estandar,0
677,0.4922108951148706,Tier B - Activacion estandar,0
678,0.5210120326413141,Tier B - Activacion estandar,0
679,0.4380358214056532,Tier B - Activacion estandar,0
680,0.4935652249190488,Tier B - Activacion estandar,0
681,0.5539318130238348,Tier B - Activacion estandar,0
682,0.5085571804389922,Tier B - Activacion estandar,0
683,0.47561597912107123,Tier B - Activacion estandar,0
684,0.46682098690239493,Tier B - Activacion estandar,0
685,0.4464427716832232,Tier B - Activacion estandar,0
686,0.4324817508111463,Tier B - Activacion estandar,0
687,0.5113905355405084,Tier B - Activacion estandar,1
688,0.4079272330765113,Tier B - Activacion estandar,0
689,0.4936459243832969,Tier B - Activacion estandar,1
690,0.32926633200443006,Tier C - Nurturing,0
691,0.44953285370962315,Tier B - Activacion estandar,1
692,0.48755792181117635,Tier B - Activacion estandar,0
693,0.44495362297307933,Tier B - Activacion estandar,0
694,0.533629208747446,Tier B - Activacion estandar,0
695,0.5756223358022453,Tier B - Activacion estandar,0
696,0.4166733225191812,Tier B - Activacion estandar,0
697,0.4629023276021559,Tier B - Activacion estandar,0
698,0.4466731877352674,Tier B - Activacion estandar,1
699,0.38919585733299233,Tier C - Nurturing,0
700,0.40581004433518714,Tier B - Activacion estandar,0
701,0.4751064370189328,Tier B - Activacion estandar,0
702,0.5249469548105821,Tier B - Activacion estandar,0
703,0.5203411431012214,Tier B - Activacion estandar,0
704,0.5651233796088627,Tier B - Activacion estandar,1
705,0.5043449702468615,Tier B - Activacion estandar,0
706,0.5354145825950933,Tier B - Activacion estandar,0
707,0.5356263954328199,Tier B - Activacion estandar,0
708,0.48936210619098236,Tier B - Activacion estandar,0
709,0.3863492276876544,Tier C - Nurturing,0
710,0.4764912804053477,Tier B - Activacion estandar,0
711,0.6598061039140675,Tier B - Activacion estandar,0
712,0.5864257932225077,Tier B - Activacion estandar,1
713,0.4867884216892742,Tier B - Activacion estandar,1
714,0.47776699290844504,Tier B - Activacion estandar,1
715,0.5087159515171505,Tier B - Activacion estandar,1
716,0.46959272909192307,Tier B - Activacion estandar,0
717,0.42116147444830654,Tier B - Activacion estandar,0
718,0.565062021945628,Tier B - Activacion estandar,0
719,0.5037335262760777,Tier B - Activacion estandar,0
720,0.5743836923611308,Tier B - Activacion estandar,0
721,0.41426718929934186,Tier B - Activacion estandar,0
722,0.35550841009971484,Tier C - Nurturing,1
723,0.44113405500056035,Tier B - Activacion estandar,0
724,0.510504494065085,Tier B - Activacion estandar,1
725,0.5260908410336547,Tier B - Activacion estandar,0
726,0.5174419887943295,Tier B - Activacion estandar,0
727,0.49666525977431003,Tier B - Activacion estandar,0
728,0.3870972593686917,Tier C - Nurturing,0
729,0.6049432140176494,Tier B - Activacion estandar,0
730,0.5905503022644416,Tier B - Activacion estandar,0
731,0.5755431182694742,Tier B - Activacion estandar,0
732,0.451004937459767,Tier B - Activacion estandar,0
733,0.4671501471849806,Tier B - Activacion estandar,0
734,0.5513113480021158,Tier B - Activacion estandar,0
735,0.5026712362547258,Tier B - Activacion estandar,1
736,0.5277636590405742,Tier B - Activacion estandar,0
737,0.4747363873392326,Tier B - Activacion estandar,0
738,0.4088420937578449,Tier B - Activacion estandar,1
739,0.5527772195760715,Tier B - Activacion estandar,0
740,0.437280104686847,Tier B - Activacion estandar,0
741,0.5293757613121193,Tier B - Activacion estandar,0
742,0.473547962015393,Tier B - Activacion estandar,0
743,0.5309244719986944,Tier B - Activacion estandar,0
744,0.554228779745429,Tier B - Activacion estandar,0
745,0.4578043333319858,Tier B - Activacion estandar,0
746,0.5635233791570189,Tier B - Activacion estandar,1
747,0.5113361050130999,Tier B - Activacion estandar,1
748,0.5534741742885145,Tier B - Activacion estandar,0
749,0.5315484821212241,Tier B - Activacion estandar,0
750,0.39812319782317585,Tier C - Nurturing,0
751,0.47021879396355765,Tier B - Activacion estandar,0
752,0.29337957130995584,Tier C - Nurturing,0
753,0.4836043865507677,Tier B - Activacion estandar,0
754,0.46904205803619203,Tier B - Activacion estandar,0
755,0.4179858614253653,Tier B - Activacion estandar,0
756,0.5298108185567297,Tier B - Activacion estandar,0
757,0.5333286951917496,Tier B - Activacion estandar,0
758,0.5721300134810744,Tier B - Activacion estandar,0
759,0.4811233895975206,Tier B - Activacion estandar,0
760,0.5746196488952204,Tier B - Activacion estandar,0
761,0.4586897131345369,Tier B - Activacion estandar,0
762,0.5012273498378235,Tier B - Activacion estandar,0
763,0.4881689069739193,Tier B - Activacion estandar,0
764,0.42367912557030096,Tier B - Activacion estandar,0
765,0.5133140474374654,Tier B - Activacion estandar,0
766,0.6111852621979937,Tier B - Activacion estandar,1
767,0.509237507396568,Tier B - Activacion estandar,0
768,0.5142663633022827,Tier B - Activacion estandar,0
769,0.5024116489187156,Tier B - Activacion estandar,0
770,0.48745792200800747,Tier B - Activacion estandar,0
771,0.3657883187904002,Tier C - Nurturing,0
772,0.5181374923201447,Tier B - Activacion estandar,0
773,0.45183984463200905,Tier B - Activacion estandar,0
774,0.42613896228515535,Tier B - Activacion estandar,0
775,0.4773074797871555,Tier B - Activacion estandar,0
776,0.5016408236256095,Tier B - Activacion estandar,0
777,0.4117646934616256,Tier B - Activacion estandar,0
778,0.5847237650838942,Tier B - Activacion estandar,0
779,0.4734069170323256,Tier B - Activacion estandar,1
780,0.5993579395934792,Tier B - Activacion estandar,0
781,0.548543305837464,Tier B - Activacion estandar,1
782,0.520689843143613,Tier B - Activacion estandar,1
783,0.4839749296061689,Tier B - Activacion estandar,0
784,0.5510751431108941,Tier B - Activacion estandar,0
785,0.4355635951419643,Tier B - Activacion estandar,0
786,0.4359464558316316,Tier B - Activacion estandar,0
787,0.5637150320817551,Tier B - Activacion estandar,0
788,0.4440229883459932,Tier B - Activacion estandar,0
789,0.5749658303654475,Tier B - Activacion estandar,0
790,0.5735175827117189,Tier B - Activacion estandar,0
791,0.45666510801928917,Tier B - Activacion estandar,0
792,0.4243882974667806,Tier B - Activacion estandar,1
793,0.46057901074372426,Tier B - Activacion estandar,0
794,0.3545376107738692,Tier C - Nurturing,0
795,0.4157688246399198,Tier B - Activacion estandar,0
796,0.4325473385977842,Tier B - Activacion estandar,1
797,0.48964499139550877,Tier B - Activacion estandar,0
798,0.58193022857359,Tier B - Activacion estandar,0
799,0.5355833497065218,Tier B - Activacion estandar,0
800,0.4816657811197854,Tier B - Activacion estandar,0
801,0.5151708075423731,Tier B - Activacion estandar,1
802,0.43401711066600973,Tier B - Activacion estandar,0
803,0.34678163017936403,Tier C - Nurturing,0
804,0.37314160678271296,Tier C - Nurturing,0
805,0.4552796485240347,Tier B - Activacion estandar,0
806,0.4157860834617941,Tier B - Activacion estandar,1
807,0.47721927745468434,Tier B - Activacion estandar,0
808,0.5701212135042033,Tier B - Activacion estandar,1
809,0.4875257536899401,Tier B - Activacion estandar,0
810,0.48671194502592063,Tier B - Activacion estandar,0
811,0.5154131901322042,Tier B - Activacion estandar,0
812,0.49445299564058437,Tier B - Activacion estandar,0
813,0.5184182479421594,Tier B - Activacion estandar,1
814,0.47322526992039127,Tier B - Activacion estandar,0
815,0.4532785913688588,Tier B - Activacion estandar,0
816,0.5884961499672412,Tier B - Activacion estandar,0
817,0.4709637205946472,Tier B - Activacion estandar,0
818,0.4090437877457161,Tier B - Activacion estandar,0
819,0.5196122999366288,Tier B - Activacion estandar,0
820,0.5161460291484323,Tier B - Activacion estandar,0
821,0.45051036717716353,Tier B - Activacion estandar,0
822,0.5049858434401975,Tier B - Activacion estandar,0
823,0.4818435998155393,Tier B - Activacion estandar,0
824,0.5605110969155279,Tier B - Activacion estandar,0
825,0.4744117526285337,Tier B - Activacion estandar,0
826,0.6046100525844491,Tier B - Activacion estandar,0
827,0.36518781508903336,Tier C - Nurturing,0
828,0.3923856332842188,Tier C - Nurturing,1
829,0.42204706872354003,Tier B - Activacion estandar,0
830,0.574097243761686,Tier B - Activacion estandar,1
831,0.5559427843005049,Tier B - Activacion estandar,0
832,0.4584333596227454,Tier B - Activacion estandar,0
833,0.39011016767851486,Tier C - Nurturing,1
834,0.5022068220655006,Tier B - Activacion estandar,0
835,0.4808589323022452,Tier B - Activacion estandar,0
836,0.5291203671907225,Tier B - Activacion estandar,0
837,0.5970860290262405,Tier B - Activacion estandar,0
838,0.48026471110323266,Tier B - Activacion estandar,0
839,0.3970148445380536,Tier C - Nurturing,0
840,0.4547247894488494,Tier B - Activacion estandar,0
841,0.4623578011893009,Tier B - Activacion estandar,1
842,0.4797053021872971,Tier B - Activacion estandar,0
843,0.5464046512996298,Tier B - Activacion estandar,0
844,0.47138670744032385,Tier B - Activacion estandar,0
845,0.5409024025803705,Tier B - Activacion estandar,0
846,0.39313882981204984,Tier C - Nurturing,0
847,0.4668741977455076,Tier B - Activacion estandar,0
848,0.43650340950377253,Tier B - Activacion estandar,0
849,0.5686782419469297,Tier B - Activacion estandar,0
850,0.6250159249405841,Tier B - Activacion estandar,0
851,0.37916709654083347,Tier C - Nurturing,0
852,0.5430653461821396,Tier B - Activacion estandar,0
853,0.540682790060065,Tier B - Activacion estandar,0
854,0.47623507237222545,Tier B - Activacion estandar,0
855,0.4371478108696061,Tier B - Activacion estandar,0
856,0.49082398293117085,Tier B - Activacion estandar,0
857,0.5556512116743264,Tier B - Activacion estandar,0
858,0.46052386156631864,Tier B - Activacion estandar,0
859,0.43799317287185335,Tier B - Activacion estandar,0
860,0.4322696930746802,Tier B - Activacion estandar,0
861,0.302704689362722,Tier C - Nurturing,0
862,0.49901236314988007,Tier B - Activacion estandar,0
863,0.5227592756182089,Tier B - Activacion estandar,0
864,0.5305489721401627,Tier B - Activacion estandar,0
865,0.454662114165009,Tier B - Activacion estandar,0
866,0.501262671585689,Tier B - Activacion estandar,0
867,0.4523891221652535,Tier B - Activacion estandar,0
868,0.4655961580442967,Tier B - Activacion estandar,0
869,0.3393266901485804,Tier C - Nurturing,0
870,0.462081387182033,Tier B - Activacion estandar,1
871,0.47470569631129367,Tier B - Activacion estandar,0
872,0.5676424351043795,Tier B - Activacion estandar,0
873,0.5103135039474521,Tier B - Activacion estandar,0
874,0.4515505179514035,Tier B - Activacion estandar,0
875,0.25041232401035873,Tier C - Nurturing,0
876,0.3715630516373078,Tier C - Nurturing,0
877,0.3345640890059866,Tier C - Nurturing,0
878,0.4575249795690438,Tier B - Activacion estandar,0
879,0.49771273200784377,Tier B - Activacion estandar,0
880,0.5016252691088519,Tier B - Activacion estandar,1
881,0.4609643005999777,Tier B - Activacion estandar,0
882,0.2782515970390022,Tier C - Nurturing,0
883,0.4827865177608634,Tier B - Activacion estandar,0
884,0.5684968732098811,Tier B - Activacion estandar,1
885,0.4676962778949514,Tier B - Activacion estandar,0
886,0.48402755977329126,Tier B - Activacion estandar,0
887,0.42646215114432773,Tier B - Activacion estandar,0
888,0.5127900506768248,Tier B - Activacion estandar,0
889,0.31734851859883456,Tier C - Nurturing,0
890,0.31758614681837105,Tier C - Nurturing,0
891,0.45604339769456675,Tier B - Activacion estandar,0
892,0.388835188968306,Tier C - Nurturing,0
893,0.511354483334508,Tier B - Activacion estandar,1
894,0.31143322681171776,Tier C - Nurturing,0
895,0.4762163935512439,Tier B - Activacion estandar,0
896,0.4548130641174116,Tier B - Activacion estandar,0
897,0.5626325805158061,Tier B - Activacion estandar,0
898,0.4852658145372217,Tier B - Activacion estandar,0
899,0.3643260781419321,Tier C - Nurturing,0
900,0.5383787784736938,Tier B - Activacion estandar,0
901,0.48070149242609905,Tier B - Activacion estandar,0
902,0.4906665463162177,Tier B - Activacion estandar,0
903,0.46579740121776414,Tier B - Activacion estandar,0
904,0.5247759085587639,Tier B - Activacion estandar,1
905,0.48234521616670495,Tier B - Activacion estandar,0
906,0.5216707895654873,Tier B - Activacion estandar,0
907,0.43535548106391675,Tier B - Activacion estandar,0
908,0.5608499120191902,Tier B - Activacion estandar,0
909,0.446513831869441,Tier B - Activacion estandar,0
910,0.4774479098223966,Tier B - Activacion estandar,0
911,0.46537549602933015,Tier B - Activacion estandar,0
912,0.39229076162064175,Tier C - Nurturing,0
913,0.5707600182191968,Tier B - Activacion estandar,0
914,0.5180591624634262,Tier B - Activacion estandar,0
915,0.5403951855146838,Tier B - Activacion estandar,1
916,0.5347588676132947,Tier B - Activacion estandar,0
917,0.5493507639313358,Tier B - Activacion estandar,0
918,0.5186258870462922,Tier B - Activacion estandar,0
919,0.4237157911957492,Tier B - Activacion estandar,0
920,0.5119331629626481,Tier B - Activacion estandar,0
921,0.46818989383758225,Tier B - Activacion estandar,1
922,0.49131999910402346,Tier B - Activacion estandar,0
923,0.4271767849431519,Tier B - Activacion estandar,0
924,0.3326236948825544,Tier C - Nurturing,0
925,0.467699681475263,Tier B - Activacion estandar,0
926,0.3712504053830306,Tier C - Nurturing,0
927,0.5363133460166026,Tier B - Activacion estandar,0
928,0.5672963977942785,Tier B - Activacion estandar,0
929,0.558082186071348,Tier B - Activacion estandar,1
930,0.5521886416812696,Tier B - Activacion estandar,0
931,0.5548567506624708,Tier B - Activacion estandar,0
932,0.39075889151782855,Tier C - Nurturing,0
933,0.4588652354283448,Tier B - Activacion estandar,0
934,0.32697953515537836,Tier C - Nurturing,0
935,0.42261446358990473,Tier B - Activacion estandar,1
936,0.5282920765735293,Tier B - Activacion estandar,0
937,0.5092308987373387,Tier B - Activacion estandar,1
938,0.4110974092478438,Tier B - Activacion estandar,0
939,0.5294791870344682,Tier B - Activacion estandar,1
940,0.4106328477810624,Tier B - Activacion estandar,0
941,0.3549935234436644,Tier C - Nurturing,0
942,0.40123216575041276,Tier B - Activacion estandar,0
943,0.3827871427245958,Tier C - Nurturing,0
944,0.62259640729119,Tier B - Activacion estandar,1
945,0.39807002578673006,Tier C - Nurturing,0
946,0.4620441747810347,Tier B - Activacion estandar,0
947,0.4321326704158459,Tier B - Activacion estandar,0
948,0.6484115284428543,Tier B - Activacion estandar,0
949,0.5102404003891797,Tier B - Activacion estandar,0
950,0.4953257342631843,Tier B - Activacion estandar,0
951,0.39736158583331294,Tier C - Nurturing,0
952,0.4444159918254652,Tier B - Activacion estandar,0
953,0.5268807467491732,Tier B - Activacion estandar,0
954,0.4778673282608949,Tier B - Activacion estandar,0
955,0.41519784450805997,Tier B - Activacion estandar,0
956,0.5493920139486509,Tier B - Activacion estandar,0
957,0.458761706122468,Tier B - Activacion estandar,0
958,0.48668341356978445,Tier B - Activacion estandar,0
959,0.5433335265949834,Tier B - Activacion estandar,0
960,0.48947425460463373,Tier B - Activacion estandar,0
961,0.5757585586064237,Tier B - Activacion estandar,0
962,0.3675989239826832,Tier C - Nurturing,0
963,0.4202126873294776,Tier B - Activacion estandar,0
964,0.4855194314110592,Tier B - Activacion estandar,0
965,0.5072307822713433,Tier B - Activacion estandar,0
966,0.44822161184215525,Tier B - Activacion estandar,0
967,0.38160017541537977,Tier C - Nurturing,0
968,0.5038030194708284,Tier B - Activacion estandar,1
969,0.46837581586483695,Tier B - Activacion estandar,0
970,0.5314420170236269,Tier B - Activacion estandar,0
971,0.5156733333449428,Tier B - Activacion estandar,0
972,0.4380964301201725,Tier B - Activacion estandar,1
973,0.46479363286707653,Tier B - Activacion estandar,1
974,0.6285985695470253,Tier B - Activacion estandar,0
975,0.3390546819754204,Tier C - Nurturing,0
976,0.506641544432883,Tier B - Activacion estandar,0
977,0.5225733380634225,Tier B - Activacion estandar,0
978,0.42766758764048113,Tier B - Activacion estandar,0
979,0.3436642408844317,Tier C - Nurturing,0
980,0.4386616146172167,Tier B - Activacion estandar,0
981,0.5010382183930193,Tier B - Activacion estandar,0
982,0.4302120456832445,Tier B - Activacion estandar,0
983,0.4623756328801029,Tier B - Activacion estandar,0
984,0.46632556080578796,Tier B - Activacion estandar,0
985,0.582581222253621,Tier B - Activacion estandar,0
986,0.477177195586864,Tier B - Activacion estandar,0
987,0.4629564426749064,Tier B - Activacion estandar,0
988,0.531977645407642,Tier B - Activacion estandar,0
989,0.4451628482437172,Tier B - Activacion estandar,0
990,0.4929615614284937,Tier B - Activacion estandar,0
991,0.5346731791906758,Tier B - Activacion estandar,1
992,0.5058039231295464,Tier B - Activacion estandar,0
993,0.4293156614712885,Tier B - Activacion estandar,0
994,0.4502537660183229,Tier B - Activacion estandar,0
995,0.3974602127351198,Tier C - Nurturing,0
996,0.6784755894571498,Tier B - Activacion estandar,0
997,0.5216278283311245,Tier B - Activacion estandar,0
998,0.4637353341902354,Tier B - Activacion estandar,0
999,0.43342711295336317,Tier B - Activacion estandar,0
1000,0.4784243952030506,Tier B - Activacion estandar,0
1001,0.5703255150372742,Tier B - Activacion estandar,0
1002,0.4865853706970442,Tier B - Activacion estandar,0
1003,0.48632774076454555,Tier B - Activacion estandar,0
1004,0.4778286565584146,Tier B - Activacion estandar,0
1005,0.5137840856815131,Tier B - Activacion estandar,0
1006,0.42277470104643483,Tier B - Activacion estandar,1
1007,0.4790263651919982,Tier B - Activacion estandar,0
1008,0.5068291132357877,Tier B - Activacion estandar,0
1009,0.4691398415214933,Tier B - Activacion estandar,0
1010,0.4546076138996993,Tier B - Activacion estandar,0
1011,0.5542942993797302,Tier B - Activacion estandar,0
1012,0.4480453395663999,Tier B - Activacion estandar,0
1013,0.5554532016021915,Tier B - Activacion estandar,1
1014,0.5422800363065344,Tier B - Activacion estandar,1
1015,0.4126671943926083,Tier B - Activacion estandar,1
1016,0.5102216136186505,Tier B - Activacion estandar,0
1017,0.5203481445138991,Tier B - Activacion estandar,0
1018,0.3521566210337952,Tier C - Nurturing,0
1019,0.5031185114685802,Tier B - Activacion estandar,0
1020,0.4414193415589816,Tier B - Activacion estandar,0
1021,0.5139087902513361,Tier B - Activacion estandar,0
1022,0.45929917267297865,Tier B - Activacion estandar,0
1023,0.47743579510929685,Tier B - Activacion estandar,1
1024,0.47589692101305653,Tier B - Activacion estandar,0
1025,0.49618530852068893,Tier B - Activacion estandar,0
1026,0.5134156806330716,Tier B - Activacion estandar,0
1027,0.4706025257258109,Tier B - Activacion estandar,0
1028,0.418915357411311,Tier B - Activacion estandar,0
1029,0.5051269184899077,Tier B - Activacion estandar,0
1030,0.4810984687490537,Tier B - Activacion estandar,1
1031,0.42599314105098696,Tier B - Activacion estandar,0
1032,0.455120403394329,Tier B - Activacion estandar,0
1033,0.5312350737825601,Tier B - Activacion estandar,0
1034,0.43428782064318144,Tier B - Activacion estandar,0
1035,0.4709204406666543,Tier B - Activacion estandar,0
1036,0.4743338282410834,Tier B - Activacion estandar,0
1037,0.37856439596720926,Tier C - Nurturing,0
1038,0.4136571466642848,Tier B - Activacion estandar,0
1039,0.4290319116844636,Tier B - Activacion estandar,0
1040,0.37267623025783503,Tier C - Nurturing,0
1041,0.5104192801528195,Tier B - Activacion estandar,0
1042,0.5362556681730645,Tier B - Activacion estandar,0
1043,0.46263368923430553,Tier B - Activacion estandar,0
1044,0.38899286835188485,Tier C - Nurturing,1
1045,0.4786833849046779,Tier B - Activacion estandar,0
1046,0.44618372765741193,Tier B - Activacion estandar,0
1047,0.5902148632063942,Tier B - Activacion estandar,0
1048,0.5572993526210941,Tier B - Activacion estandar,0
1049,0.3993402739076826,Tier C - Nurturing,0
1050,0.5756589710129004,Tier B - Activacion estandar,0
1051,0.507505061067857,Tier B - Activacion estandar,0
1052,0.5322772607377689,Tier B - Activacion estandar,1
1053,0.5410347112650619,Tier B - Activacion estandar,0
1054,0.5027952128874685,Tier B - Activacion estandar,0
1055,0.5267268018063507,Tier B - Activacion estandar,0
1056,0.4617589318459375,Tier B - Activacion estandar,0
1057,0.46946840366076864,Tier B - Activacion estandar,0
1058,0.5348815614183582,Tier B - Activacion estandar,0
1059,0.47968042241242664,Tier B - Activacion estandar,0
1060,0.48115682142185984,Tier B - Activacion estandar,0
1061,0.3926015099592622,Tier C - Nurturing,0
1062,0.5192483112156611,Tier B - Activacion estandar,0
1063,0.4884577881485066,Tier B - Activacion estandar,0
1064,0.4432056846320558,Tier B - Activacion estandar,0
1065,0.4933489785437634,Tier B - Activacion estandar,0
1066,0.45335348743705445,Tier B - Activacion estandar,0
1067,0.5227675162008861,Tier B - Activacion estandar,0
1068,0.4005637051235289,Tier B - Activacion estandar,1
1069,0.46024485480934685,Tier B - Activacion estandar,0
1070,0.4879358874149675,Tier B - Activacion estandar,0
1071,0.4646653620384567,Tier B - Activacion estandar,0
1072,0.45464887592006886,Tier B - Activacion estandar,0
1073,0.46848120995844666,Tier B - Activacion estandar,0
1074,0.3513212306352251,Tier C - Nurturing,0
1075,0.3531758599514861,Tier C - Nurturing,0
1076,0.45168817592397836,Tier B - Activacion estandar,0
1077,0.5519690960825412,Tier B - Activacion estandar,0
1078,0.4854226527003359,Tier B - Activacion estandar,0
1079,0.36966129007755594,Tier C - Nurturing,0
1080,0.4227428483610857,Tier B - Activacion estandar,0
1081,0.47337372503761066,Tier B - Activacion estandar,1
1082,0.6125813534124109,Tier B - Activacion estandar,1
1083,0.5239028076879673,Tier B - Activacion estandar,0
1084,0.3865662341997298,Tier C - Nurturing,0
1085,0.4814808950247881,Tier B - Activacion estandar,0
1086,0.45217044024770103,Tier B - Activacion estandar,0
1087,0.6101023525158131,Tier B - Activacion estandar,0
1088,0.5356663133208361,Tier B - Activacion estandar,0
1089,0.4114169804183281,Tier B - Activacion estandar,0
1090,0.5334499173567748,Tier B - Activacion estandar,0
1091,0.4358597957624906,Tier B - Activacion estandar,0
1092,0.401874862099781,Tier B - Activacion estandar,0
1093,0.5307555291689203,Tier B - Activacion estandar,1
1094,0.48878886293566154,Tier B - Activacion estandar,0
1095,0.5197686333082708,Tier B - Activacion estandar,1
1096,0.5407477079722376,Tier B - Activacion estandar,0
1097,0.410408172047412,Tier B - Activacion estandar,0
1098,0.41642228150163796,Tier B - Activacion estandar,0
1099,0.487052958803924,Tier B - Activacion estandar,0
1100,0.45164737225505974,Tier B - Activacion estandar,0
1101,0.514124736792523,Tier B - Activacion estandar,0
1102,0.43966792270952854,Tier B - Activacion estandar,0
1103,0.48518737204728385,Tier B - Activacion estandar,0
1104,0.4650240059672059,Tier B - Activacion estandar,0
1105,0.44691460167777197,Tier B - Activacion estandar,0
1106,0.4670615771763842,Tier B - Activacion estandar,0
1107,0.5395827724989423,Tier B - Activacion estandar,0
1108,0.5387820521480644,Tier B - Activacion estandar,0
1109,0.49394984846235246,Tier B - Activacion estandar,0
1110,0.5311801185832223,Tier B - Activacion estandar,0
1111,0.519648677453083,Tier B - Activacion estandar,0
1112,0.5214807243420146,Tier B - Activacion estandar,0
1113,0.4900301847381761,Tier B - Activacion estandar,0
1114,0.5888358273227361,Tier B - Activacion estandar,0
1115,0.5143924810357466,Tier B - Activacion estandar,0
1116,0.40161436858490446,Tier B - Activacion estandar,0
1117,0.46513295777204644,Tier B - Activacion estandar,1
1118,0.4507898657468588,Tier B - Activacion estandar,0
1119,0.48976296984822293,Tier B - Activacion estandar,0
1120,0.4674699055005752,Tier B - Activacion estandar,0
1121,0.5233370061547103,Tier B - Activacion estandar,0
1122,0.4706597934283262,Tier B - Activacion estandar,0
1123,0.44169122329495497,Tier B - Activacion estandar,1
1124,0.37901638361831697,Tier C - Nurturing,0
1125,0.48144920182601403,Tier B - Activacion estandar,0
1126,0.4359447611144044,Tier B - Activacion estandar,0
1127,0.462065658497058,Tier B - Activacion estandar,0
1128,0.4958280815933632,Tier B - Activacion estandar,0
1129,0.41629818600896373,Tier B - Activacion estandar,0
1130,0.4295763950250661,Tier B - Activacion estandar,0
1131,0.42055852069397703,Tier B - Activacion estandar,0
1132,0.5040388334464297,Tier B - Activacion estandar,0
1133,0.5685759718955508,Tier B - Activacion estandar,0
1134,0.4605642221235783,Tier B - Activacion estandar,0
1135,0.4886435408928368,Tier B - Activacion estandar,0
1136,0.4508524923771423,Tier B - Activacion estandar,1
1137,0.5043390739906622,Tier B - Activacion estandar,1
1138,0.45546230751184874,Tier B - Activacion estandar,0
1139,0.501363810931111,Tier B - Activacion estandar,0
1140,0.5840830637469078,Tier B - Activacion estandar,1
1141,0.44768231141491494,Tier B - Activacion estandar,0
1142,0.5832756276768276,Tier B - Activacion estandar,0
1143,0.5156050783020054,Tier B - Activacion estandar,1
1144,0.6376876397034748,Tier B - Activacion estandar,0
1145,0.42787840269763333,Tier B - Activacion estandar,0
1146,0.68452331925797,Tier B - Activacion estandar,0
1147,0.45135312667374733,Tier B - Activacion estandar,0
1148,0.506676505989291,Tier B - Activacion estandar,0
1149,0.5182656460487399,Tier B - Activacion estandar,0
1150,0.39920220510454996,Tier C - Nurturing,0
1151,0.45639879515399523,Tier B - Activacion estandar,1
1152,0.402092243671231,Tier B - Activacion estandar,0
1153,0.5023150819002448,Tier B - Activacion estandar,0
1154,0.42562542037095114,Tier B - Activacion estandar,0
1155,0.4437927188953964,Tier B - Activacion estandar,1
1156,0.4631344330360443,Tier B - Activacion estandar,0
1157,0.6233112036240845,Tier B - Activacion estandar,0
1158,0.48511471719903804,Tier B - Activacion estandar,0
1159,0.5988250463677234,Tier B - Activacion estandar,1
1160,0.47026736558909904,Tier B - Activacion estandar,0
1161,0.3497647551137214,Tier C - Nurturing,0
1162,0.5023877925415501,Tier B - Activacion estandar,0
1163,0.529892557287761,Tier B - Activacion estandar,0
1164,0.419353034487525,Tier B - Activacion estandar,0
1165,0.5161956290891373,Tier B - Activacion estandar,0
1166,0.5647364835569926,Tier B - Activacion estandar,1
1167,0.4110817095975266,Tier B - Activacion estandar,0
1168,0.4534840592374652,Tier B - Activacion estandar,1
1169,0.4654797940380267,Tier B - Activacion estandar,0
1170,0.5182072289097733,Tier B - Activacion estandar,0
1171,0.5402705437938996,Tier B - Activacion estandar,0
1172,0.4788479239515274,Tier B - Activacion estandar,0
1173,0.46398806812214943,Tier B - Activacion estandar,0
1174,0.5108154021649958,Tier B - Activacion estandar,0
1175,0.534522090230107,Tier B - Activacion estandar,0
1176,0.38983304687647435,Tier C - Nurturing,0
1177,0.49564665415597664,Tier B - Activacion estandar,1
1178,0.5230077065498152,Tier B - Activacion estandar,0
1179,0.48662396694454063,Tier B - Activacion estandar,1
1180,0.4261091609615664,Tier B - Activacion estandar,0
1181,0.4877244664889768,Tier B - Activacion estandar,0
1182,0.5077138728538525,Tier B - Activacion estandar,0
1183,0.27610027195788983,Tier C - Nurturing,0
1184,0.40547501359360283,Tier B - Activacion estandar,0
1185,0.35913923641857703,Tier C - Nurturing,0
1186,0.44536069837549197,Tier B - Activacion estandar,0
1187,4.24576716001621e-06,Tier D - Mantenimiento,0
1188,0.5087887798577766,Tier B - Activacion estandar,0
1189,0.4629970800422396,Tier B - Activacion estandar,0
1190,0.47658200295342174,Tier B - Activacion estandar,1
1191,0.37439780798140926,Tier C - Nurturing,0
1192,0.48243772650193256,Tier B - Activacion estandar,1
1193,0.4510999713969682,Tier B - Activacion estandar,0
1194,0.47256922170098964,Tier B - Activacion estandar,1
1195,0.30358473116380413,Tier C - Nurturing,0
1196,0.4189778843600233,Tier B - Activacion estandar,0
1197,0.5162291848172311,Tier B - Activacion estandar,0
1198,0.4847470342607964,Tier B - Activacion estandar,0
1199,0.6058632759169713,Tier B - Activacion estandar,0
1200,0.4619480055369981,Tier B - Activacion estandar,0
1201,0.4577859029831466,Tier B - Activacion estandar,0
1202,0.3506031003784013,Tier C - Nurturing,0
1203,0.43354574253190536,Tier B - Activacion estandar,0
1204,0.5403866865548761,Tier B - Activacion estandar,0
1205,0.5180838309565092,Tier B - Activacion estandar,0
1206,0.5703186386337421,Tier B - Activacion estandar,1
1207,0.4625895046596292,Tier B - Activacion estandar,1
1208,0.5591167201050381,Tier B - Activacion estandar,0
1209,0.5056687629680682,Tier B - Activacion estandar,1
1210,0.4677352369854711,Tier B - Activacion estandar,0
1211,0.5907019286205631,Tier B - Activacion estandar,1
1212,0.5822022695145825,Tier B - Activacion estandar,0
1213,0.5172382982119372,Tier B - Activacion estandar,0
1214,0.5268846025433275,Tier B - Activacion estandar,1
1215,0.3893954304931584,Tier C - Nurturing,0
1216,0.5641683350383666,Tier B - Activacion estandar,0
1217,0.4136980072703055,Tier B - Activacion estandar,0
1218,0.4572350012423598,Tier B - Activacion estandar,0
1219,0.4187864801973344,Tier B - Activacion estandar,0
1220,0.49112243755644663,Tier B - Activacion estandar,0
1221,0.37698232162700274,Tier C - Nurturing,0
1222,0.4139440818979408,Tier B - Activacion estandar,1
1223,0.43581732997245376,Tier B - Activacion estandar,0
1224,0.4679624226702576,Tier B - Activacion estandar,0
1225,0.5150655171786935,Tier B - Activacion estandar,0
1226,0.5388258468039182,Tier B - Activacion estandar,0
1227,0.633584115541962,Tier B - Activacion estandar,0
1228,0.44198198447041986,Tier B - Activacion estandar,0
1229,0.563648316153507,Tier B - Activacion estandar,1
1230,0.545333634019235,Tier B - Activacion estandar,0
1231,0.5202127440371671,Tier B - Activacion estandar,0
1232,0.525573199815129,Tier B - Activacion estandar,0
1233,0.500206043668408,Tier B - Activacion estandar,0
1234,0.46388963547421436,Tier B - Activacion estandar,1
1235,0.4546634699942485,Tier B - Activacion estandar,0
1236,0.49906691306764267,Tier B - Activacion estandar,0
1237,0.46434994741321856,Tier B - Activacion estandar,0
1238,0.4642269585848747,Tier B - Activacion estandar,0
1239,0.5501180098576932,Tier B - Activacion estandar,0
1240,0.5084119860781607,Tier B - Activacion estandar,0
1241,0.5018078733447932,Tier B - Activacion estandar,0
1242,0.5188454607573556,Tier B - Activacion estandar,1
1243,0.4547808218561348,Tier B - Activacion estandar,1
1244,0.49513219015233867,Tier B - Activacion estandar,0
1245,0.45015533461127466,Tier B - Activacion estandar,0
1246,0.43471611490181084,Tier B - Activacion estandar,1
1247,0.4558446206953083,Tier B - Activacion estandar,1
1248,0.5072294656580811,Tier B - Activacion estandar,0
1249,0.5884659430783835,Tier B - Activacion estandar,0
1250,0.499941469000584,Tier B - Activacion estandar,1
1251,0.4419437721147008,Tier B - Activacion estandar,1
1252,0.374316399061478,Tier C - Nurturing,1
1253,0.4313788462463598,Tier B - Activacion estandar,0
1254,0.5249241342462244,Tier B - Activacion estandar,0
1255,0.5961074386038039,Tier B - Activacion estandar,0
1256,0.4073569075269447,Tier B - Activacion estandar,1
1257,0.619867637733258,Tier B - Activacion estandar,0
1258,0.41546242809896133,Tier B - Activacion estandar,0
1259,0.4941373844025291,Tier B - Activacion estandar,0
1260,0.4806900977708776,Tier B - Activacion estandar,0
1261,0.3974476286630928,Tier C - Nurturing,0
1262,0.43312056646701086,Tier B - Activacion estandar,1
1263,0.5407715667658975,Tier B - Activacion estandar,0
1264,0.4763569738446965,Tier B - Activacion estandar,0
1265,0.38660230219154496,Tier C - Nurturing,1
1266,0.47447306307307296,Tier B - Activacion estandar,0
1267,0.46738641993242797,Tier B - Activacion estandar,0
1268,0.46240216317638966,Tier B - Activacion estandar,1
1269,0.5064881875174065,Tier B - Activacion estandar,0
1270,0.5264830756995554,Tier B - Activacion estandar,0
1271,0.4891270243938313,Tier B - Activacion estandar,1
1272,0.45855450044599877,Tier B - Activacion estandar,1
1273,0.48834059291632265,Tier B - Activacion estandar,0
1274,0.571974637606294,Tier B - Activacion estandar,0
1275,0.48516652496431695,Tier B - Activacion estandar,0
1276,0.4171036832762397,Tier B - Activacion estandar,0
1277,0.4348940522159037,Tier B - Activacion estandar,1
1278,0.4019635047210464,Tier B - Activacion estandar,0
1279,0.44631495235951407,Tier B - Activacion estandar,0
1280,0.6058941569274227,Tier B - Activacion estandar,1
1281,0.45399958677841507,Tier B - Activacion estandar,0
1282,0.5610108778816869,Tier B - Activacion estandar,0
1283,0.3283315663881234,Tier C - Nurturing,0
1284,0.3769591009633677,Tier C - Nurturing,0
1285,0.46484785409717577,Tier B - Activacion estandar,0
1286,0.48966108374392814,Tier B - Activacion estandar,0
1287,0.5437317925515752,Tier B - Activacion estandar,1
1288,0.49133111586756206,Tier B - Activacion estandar,0
1289,0.4672230756126505,Tier B - Activacion estandar,0
1290,0.507045776587586,Tier B - Activacion estandar,0
1291,0.5169794879950861,Tier B - Activacion estandar,0
1292,0.20470109808594644,Tier C - Nurturing,0
1293,0.46742109986649705,Tier B - Activacion estandar,0
1294,0.5522999003794112,Tier B - Activacion estandar,0
1295,0.5238177104145509,Tier B - Activacion estandar,0
1296,0.4648713504683469,Tier B - Activacion estandar,1
1297,0.5432245103026767,Tier B - Activacion estandar,0
1298,0.44980484970499257,Tier B - Activacion estandar,0
1299,0.4196817565363309,Tier B - Activacion estandar,0
1300,0.507194131636507,Tier B - Activacion estandar,0
1301,0.5099071300028329,Tier B - Activacion estandar,0
1302,0.5740642550275615,Tier B - Activacion estandar,1
1303,0.5581847892172456,Tier B - Activacion estandar,0
1304,0.48464722152710976,Tier B - Activacion estandar,0
1305,0.5164774722921106,Tier B - Activacion estandar,0
1306,0.49608412273374264,Tier B - Activacion estandar,1
1307,0.493402089505102,Tier B - Activacion estandar,0
1308,0.4800102991863214,Tier B - Activacion estandar,0
1309,0.5064897266459081,Tier B - Activacion estandar,0
1310,0.3162976556652056,Tier C - Nurturing,0
1311,0.4786639488344891,Tier B - Activacion estandar,0
1312,0.46860379003144426,Tier B - Activacion estandar,0
1313,0.4608547983875039,Tier B - Activacion estandar,0
1314,0.4916933623018332,Tier B - Activacion estandar,1
1315,0.43997296768414595,Tier B - Activacion estandar,0
1316,0.5946332279942683,Tier B - Activacion estandar,0
1317,0.5176631244520221,Tier B - Activacion estandar,0
1318,0.49121598625261204,Tier B - Activacion estandar,0
1319,0.564773524704867,Tier B - Activacion estandar,0
1320,0.5292248900310272,Tier B - Activacion estandar,0
1321,0.5299844091413445,Tier B - Activacion estandar,0
1322,0.5381485620651085,Tier B - Activacion estandar,0
1323,0.5375253462442647,Tier B - Activacion estandar,0
1324,0.519618915554518,Tier B - Activacion estandar,1
1325,0.45652952133312286,Tier B - Activacion estandar,0
1326,0.4789793716996803,Tier B - Activacion estandar,0
1327,0.45773419946170385,Tier B - Activacion estandar,0
1328,0.44728001948190405,Tier B - Activacion estandar,0
1329,0.5434937679487593,Tier B - Activacion estandar,1
1330,0.5414061042957051,Tier B - Activacion estandar,0
1331,0.4495761840230541,Tier B - Activacion estandar,1
1332,0.526743178864515,Tier B - Activacion estandar,0
1333,0.6229650370080521,Tier B - Activacion estandar,0
1334,0.5507467372733862,Tier B - Activacion estandar,1
1335,0.357095472007717,Tier C - Nurturing,0
1336,0.4443908203975287,Tier B - Activacion estandar,0
1337,0.48055480647547144,Tier B - Activacion estandar,1
1338,0.4694048430722184,Tier B - Activacion estandar,0
1339,0.4921638314994389,Tier B - Activacion estandar,0
1340,0.4964401729154346,Tier B - Activacion estandar,0
1341,0.4607092947418748,Tier B - Activacion estandar,1
1342,0.5646428882247725,Tier B - Activacion estandar,1
1343,0.4783384116747123,Tier B - Activacion estandar,0
1344,0.5076349266212353,Tier B - Activacion estandar,0
1345,0.574332970611057,Tier B - Activacion estandar,0
1346,0.44993788354121944,Tier B - Activacion estandar,0
1347,0.4015616212743571,Tier B - Activacion estandar,0
1348,0.425176109178233,Tier B - Activacion estandar,1
1349,0.4694747831597392,Tier B - Activacion estandar,0
1350,0.5423198968802402,Tier B - Activacion estandar,1
1351,0.4426886427612338,Tier B - Activacion estandar,1
1352,0.4301395575048915,Tier B - Activacion estandar,1
1353,0.5202270248401719,Tier B - Activacion estandar,1
1354,0.5212038620663075,Tier B - Activacion estandar,0
1355,0.4966872497012378,Tier B - Activacion estandar,1
1356,0.48416050069285016,Tier B - Activacion estandar,0
1357,0.47843840494668866,Tier B - Activacion estandar,1
1358,0.5195845757717865,Tier B - Activacion estandar,0
1359,0.4723637811101288,Tier B - Activacion estandar,1
1360,0.17066574262730053,Tier D - Mantenimiento,0
1361,0.506346589656245,Tier B - Activacion estandar,0
1362,0.5496079739626183,Tier B - Activacion estandar,1
1363,0.5039999811433377,Tier B - Activacion estandar,0
1364,0.598660365574411,Tier B - Activacion estandar,0
1365,0.47317580484548105,Tier B - Activacion estandar,1
1366,0.5672272844667464,Tier B - Activacion estandar,1
1367,0.4158306530835061,Tier B - Activacion estandar,0
1368,0.36765292728232396,Tier C - Nurturing,0
1369,0.45247726510803027,Tier B - Activacion estandar,1
1370,0.4407478294545822,Tier B - Activacion estandar,1
1371,0.4592937831960094,Tier B - Activacion estandar,0
1372,0.43961462103646415,Tier B - Activacion estandar,0
1373,0.5575047790908706,Tier B - Activacion estandar,0
1374,0.418662696205648,Tier B - Activacion estandar,0
1375,0.16846111462475824,Tier D - Mantenimiento,0
1376,0.5128558295627721,Tier B - Activacion estandar,0
1377,0.46201414332003016,Tier B - Activacion estandar,0
1378,0.510561682823946,Tier B - Activacion estandar,0
1379,0.4728575063596384,Tier B - Activacion estandar,0
1380,0.4298927810155819,Tier B - Activacion estandar,0
1381,0.4480258614032059,Tier B - Activacion estandar,0
1382,0.5307234155208187,Tier B - Activacion estandar,0
1383,0.40476917563378906,Tier B - Activacion estandar,1
1384,0.5904402571921268,Tier B - Activacion estandar,0
1385,0.3937253089276099,Tier C - Nurturing,0
1386,0.4668724463719746,Tier B - Activacion estandar,1
1387,0.452390855086632,Tier B - Activacion estandar,0
1388,0.42296016120232893,Tier B - Activacion estandar,0
1389,0.47055173028829084,Tier B - Activacion estandar,0
1390,0.3830119065451051,Tier C - Nurturing,0
1391,0.4688848054661092,Tier B - Activacion estandar,0
1392,0.5284586567873143,Tier B - Activacion estandar,0
1393,0.47769660363934585,Tier B - Activacion estandar,0
1394,0.427135824360989,Tier B - Activacion estandar,1
1395,0.6034029681777499,Tier B - Activacion estandar,0
1396,0.4129281597079505,Tier B - Activacion estandar,1
1397,0.4743193526946754,Tier B - Activacion estandar,0
1398,0.5234094748428267,Tier B - Activacion estandar,0
1399,0.5069112355266245,Tier B - Activacion estandar,0
1400,0.540846893085645,Tier B - Activacion estandar,0
1401,0.47143932560019963,Tier B - Activacion estandar,1
1402,0.45895651124112796,Tier B - Activacion estandar,0
1403,0.5678386184132351,Tier B - Activacion estandar,0
1404,0.5126988427043694,Tier B - Activacion estandar,1
1405,0.438452891481798,Tier B - Activacion estandar,0
1406,0.4861087107654509,Tier B - Activacion estandar,1
1407,0.4856274611396962,Tier B - Activacion estandar,0
1408,0.5553935649623639,Tier B - Activacion estandar,0
1409,0.43220268202261175,Tier B - Activacion estandar,0
1410,0.35539180829909706,Tier C - Nurturing,0
1411,0.38627502443759226,Tier C - Nurturing,0
1412,0.4674032312915435,Tier B - Activacion estandar,0
1413,0.3281941891930941,Tier C - Nurturing,0
1414,0.470996182742415,Tier B - Activacion estandar,0
1415,0.44865846429592093,Tier B - Activacion estandar,0
1416,0.5214158203229794,Tier B - Activacion estandar,0
1417,0.40264638585487805,Tier B - Activacion estandar,0
1418,0.5938289517926341,Tier B - Activacion estandar,0
1419,0.4878815582038563,Tier B - Activacion estandar,0
1420,0.40483430397152426,Tier B - Activacion estandar,0
1421,0.45500827844220143,Tier B - Activacion estandar,1
1422,0.41726920399459466,Tier B - Activacion estandar,0
1423,0.5580524582360911,Tier B - Activacion estandar,0
1424,0.44353611752317984,Tier B - Activacion estandar,0
1425,0.4880271345385108,Tier B - Activacion estandar,0
1426,0.4290715656615942,Tier B - Activacion estandar,0
1427,0.532991927513878,Tier B - Activacion estandar,0
1428,0.5021624223879289,Tier B - Activacion estandar,0
1429,0.5022020046384467,Tier B - Activacion estandar,0
1430,0.4898568613747874,Tier B - Activacion estandar,0
1431,0.3955046423584428,Tier C - Nurturing,0
1432,0.5226395516465198,Tier B - Activacion estandar,0
1433,0.4109045555774111,Tier B - Activacion estandar,0
1434,0.4710886059112253,Tier B - Activacion estandar,0
1435,0.40806287822656073,Tier B - Activacion estandar,0
1436,0.4827026033653348,Tier B - Activacion estandar,0
1437,0.5272361148753163,Tier B - Activacion estandar,0
1438,0.4772947582475066,Tier B - Activacion estandar,0
1439,0.47172146771763623,Tier B - Activacion estandar,1
1440,0.618980886062075,Tier B - Activacion estandar,0
1441,0.4859548820071617,Tier B - Activacion estandar,0
1442,0.46668401602374504,Tier B - Activacion estandar,1
1443,0.44877741416936906,Tier B - Activacion estandar,0
1444,0.5096399910946372,Tier B - Activacion estandar,0
1445,0.29305465024449223,Tier C - Nurturing,0
1446,0.5213726304106737,Tier B - Activacion estandar,0
1447,0.5360086348388202,Tier B - Activacion estandar,0
1448,0.5710931279620757,Tier B - Activacion estandar,1
1449,0.49247999705140827,Tier B - Activacion estandar,1
1450,0.36428704204221285,Tier C - Nurturing,0
1451,0.5527922322847988,Tier B - Activacion estandar,0
1452,0.5008833874119509,Tier B - Activacion estandar,0
1453,0.4851736649418142,Tier B - Activacion estandar,0
1454,0.4440648708839701,Tier B - Activacion estandar,0
1455,0.49644088631185895,Tier B - Activacion estandar,1
1456,0.4793415789292364,Tier B - Activacion estandar,0
1457,0.4989853892205652,Tier B - Activacion estandar,0
1458,0.5845832324696344,Tier B - Activacion estandar,1
1459,0.4550113830220767,Tier B - Activacion estandar,0
1460,0.4451266744993012,Tier B - Activacion estandar,0
1461,0.4559594901900594,Tier B - Activacion estandar,0
1462,0.5082618253220141,Tier B - Activacion estandar,1
1463,0.43286980623638044,Tier B - Activacion estandar,0
1464,0.47249812419098786,Tier B - Activacion estandar,0
1465,0.5372066944197013,Tier B - Activacion estandar,0
1466,0.4434075147402243,Tier B - Activacion estandar,1
1467,0.5718728986479751,Tier B - Activacion estandar,0
1468,0.00023470525299182468,Tier D - Mantenimiento,0
1469,0.46133303261862213,Tier B - Activacion estandar,0
1470,0.5489595745924136,Tier B - Activacion estandar,0
1471,0.4134017418705732,Tier B - Activacion estandar,0
1472,0.5260765678427222,Tier B - Activacion estandar,0
1473,0.4499836702784748,Tier B - Activacion estandar,1
1474,0.450776881716213,Tier B - Activacion estandar,0
1475,0.5384098313098031,Tier B - Activacion estandar,0
1476,0.35940855004793126,Tier C - Nurturing,0
1477,0.4599005977813611,Tier B - Activacion estandar,0
1478,0.42427740357351984,Tier B - Activacion estandar,0
1479,0.4664704298184087,Tier B - Activacion estandar,0
1480,0.4723957147201489,Tier B - Activacion estandar,0
1481,0.47906491399047785,Tier B - Activacion estandar,0
1482,0.4897794301358258,Tier B - Activacion estandar,0
1483,0.44522510457359815,Tier B - Activacion estandar,0
1484,0.46574970537555826,Tier B - Activacion estandar,0
1485,0.45774234848763934,Tier B - Activacion estandar,0
1486,0.5527386485004363,Tier B - Activacion estandar,0
1487,0.43611967807521973,Tier B - Activacion estandar,0
1488,0.4908156358578564,Tier B - Activacion estandar,0
1489,0.43261336752712265,Tier B - Activacion estandar,0
1490,0.45803685801680444,Tier B - Activacion estandar,0
1491,0.48267067558307947,Tier B - Activacion estandar,1
1492,0.47370538519362587,Tier B - Activacion estandar,0
1493,0.536625782127338,Tier B - Activacion estandar,0
1494,0.652369291589501,Tier B - Activacion estandar,0
1495,0.4417158575802567,Tier B - Activacion estandar,0
1496,0.5207459212242714,Tier B - Activacion estandar,0
1497,0.36246899603418437,Tier C - Nurturing,0
1498,0.5867935682806158,Tier B - Activacion estandar,1
1499,0.5122704245166497,Tier B - Activacion estandar,0
1500,0.3194367999682225,Tier C - Nurturing,0
1501,0.5279469979579947,Tier B - Activacion estandar,0
1502,0.4427570330134586,Tier B - Activacion estandar,0
1503,0.4966774776302501,Tier B - Activacion estandar,0
1504,0.49310496501219375,Tier B - Activacion estandar,0
1505,0.4706815885053169,Tier B - Activacion estandar,0
1506,0.5230399026292589,Tier B - Activacion estandar,0
1507,0.5014940026774515,Tier B - Activacion estandar,0
1508,0.5595132661225459,Tier B - Activacion estandar,1
1509,0.4657241775452221,Tier B - Activacion estandar,0
1510,0.5617652355803269,Tier B - Activacion estandar,0
1511,0.49070394428111475,Tier B - Activacion estandar,0
1512,0.5364274126579264,Tier B - Activacion estandar,1
1513,0.5054108352291967,Tier B - Activacion estandar,0
1514,0.45665865519040194,Tier B - Activacion estandar,0
1515,0.5485445189677177,Tier B - Activacion estandar,0
1516,0.4261510226125661,Tier B - Activacion estandar,0
1517,0.3948025232298061,Tier C - Nurturing,0
1518,0.5296518780567081,Tier B - Activacion estandar,0
1519,0.43212603825365103,Tier B - Activacion estandar,0
1520,0.45924367354920814,Tier B - Activacion estandar,0
1521,0.5163412366092534,Tier B - Activacion estandar,0
1522,0.5210676580288444,Tier B - Activacion estandar,1
1523,0.5095022024718728,Tier B - Activacion estandar,0
1524,0.3022356486514094,Tier C - Nurturing,0
1525,0.49491542188435395,Tier B - Activacion estandar,0
1526,0.4498569665363774,Tier B - Activacion estandar,0
1527,0.5554458307526252,Tier B - Activacion estandar,0
1528,0.4792960005439285,Tier B - Activacion estandar,1
1529,0.4611889638417425,Tier B - Activacion estandar,0
1530,0.4756422643563889,Tier B - Activacion estandar,0
1531,0.443909848333014,Tier B - Activacion estandar,1
1532,0.46887939377079313,Tier B - Activacion estandar,0
1533,0.4643738416219352,Tier B - Activacion estandar,0
1534,0.43600255440555535,Tier B - Activacion estandar,0
1535,0.4302589969722066,Tier B - Activacion estandar,0
1536,0.547945160740812,Tier B - Activacion estandar,0
1537,0.4710642171280269,Tier B - Activacion estandar,0
1538,0.4563150668528406,Tier B - Activacion estandar,0
1539,0.49657246488741585,Tier B - Activacion estandar,0
1540,0.5369559848328679,Tier B - Activacion estandar,0
1541,0.5547316944987994,Tier B - Activacion estandar,0
1542,0.4912008891690032,Tier B - Activacion estandar,0
1543,0.3861854596014301,Tier C - Nurturing,0
1544,0.4918459644623422,Tier B - Activacion estandar,0
1545,0.5605665929958145,Tier B - Activacion estandar,0
1546,0.43805068939893416,Tier B - Activacion estandar,0
1547,0.5844784150731167,Tier B - Activacion estandar,1
1548,0.462993587897189,Tier B - Activacion estandar,0
1549,0.4807411356406682,Tier B - Activacion estandar,0
1550,0.5273468768075493,Tier B - Activacion estandar,1
1551,0.4585098562547998,Tier B - Activacion estandar,0
1552,0.4805789117625729,Tier B - Activacion estandar,0
1553,0.4708065292725962,Tier B - Activacion estandar,1
1554,0.44143323769417225,Tier B - Activacion estandar,0
1555,0.48383027796194233,Tier B - Activacion estandar,0
1556,0.5441805491382858,Tier B - Activacion estandar,1
1557,0.596111667581949,Tier B - Activacion estandar,0
1558,0.4414031540138186,Tier B - Activacion estandar,0
1559,0.46728757404568866,Tier B - Activacion estandar,1
1560,0.4421650289625338,Tier B - Activacion estandar,0
1561,0.49977641983371446,Tier B - Activacion estandar,0
1562,0.4547375604393525,Tier B - Activacion estandar,0
1563,0.4870179937187886,Tier B - Activacion estandar,1
1564,0.5017939389134645,Tier B - Activacion estandar,0
1565,0.5152964339260859,Tier B - Activacion estandar,0
1566,0.5173801126737392,Tier B - Activacion estandar,0
1567,0.4226431458408003,Tier B - Activacion estandar,0
1568,0.5202784809019688,Tier B - Activacion estandar,1
1569,0.5361242563047821,Tier B - Activacion estandar,1
1570,0.5765371261660184,Tier B - Activacion estandar,1
1571,0.5004349075585186,Tier B - Activacion estandar,0
1572,0.4497383473714635,Tier B - Activacion estandar,0
1573,0.45345582251116506,Tier B - Activacion estandar,0
1574,0.5720061683282509,Tier B - Activacion estandar,1
1575,0.47507944137850433,Tier B - Activacion estandar,0
1576,0.5146605836208015,Tier B - Activacion estandar,0
1577,0.4667689300171801,Tier B - Activacion estandar,0
1578,0.5783347645217332,Tier B - Activacion estandar,0
1579,0.3876963621398517,Tier C - Nurturing,0
1580,0.6205486763699353,Tier B - Activacion estandar,0
1581,0.5003810900440792,Tier B - Activacion estandar,1
1582,0.5119916585446476,Tier B - Activacion estandar,0
1583,0.45740518003378355,Tier B - Activacion estandar,0
1584,0.4858140842526787,Tier B - Activacion estandar,0
1585,0.38484825903283637,Tier C - Nurturing,0
1586,0.3962434267761614,Tier C - Nurturing,0
1587,0.5255653172172787,Tier B - Activacion estandar,0
1588,0.5457118707800112,Tier B - Activacion estandar,0
1589,0.4820729252805619,Tier B - Activacion estandar,0
1590,0.49512564199788706,Tier B - Activacion estandar,0
1591,0.5051974763438987,Tier B - Activacion estandar,0
1592,0.4768861270801561,Tier B - Activacion estandar,0
1593,0.5086013239574746,Tier B - Activacion estandar,0
1594,0.47549699430425524,Tier B - Activacion estandar,0
1595,0.5500196733904275,Tier B - Activacion estandar,0
1596,0.460873877351918,Tier B - Activacion estandar,0
1597,0.5256165842642992,Tier B - Activacion estandar,0
1598,0.5428402192847036,Tier B - Activacion estandar,0
1599,0.4045638838505835,Tier B - Activacion estandar,0
1600,0.5780445180135786,Tier B - Activacion estandar,0
1601,0.44348232131721527,Tier B - Activacion estandar,0
1602,0.49692839622125684,Tier B - Activacion estandar,0
1603,0.5419224094593104,Tier B - Activacion estandar,1
1604,0.4849519150526663,Tier B - Activacion estandar,0
1605,0.5095827288560476,Tier B - Activacion estandar,1
1606,0.5397997330087553,Tier B - Activacion estandar,0
1607,0.5205957769058536,Tier B - Activacion estandar,0
1608,0.5244165857347095,Tier B - Activacion estandar,1
1609,0.4493104077110579,Tier B - Activacion estandar,0
1610,0.4805195957666377,Tier B - Activacion estandar,0
1611,0.5365467182996057,Tier B - Activacion estandar,0
1612,0.4052032990682463,Tier B - Activacion estandar,0
1613,0.5126400379301336,Tier B - Activacion estandar,0
1614,0.4644736932756256,Tier B - Activacion estandar,0
1615,0.46640543148404323,Tier B - Activacion estandar,0
1616,0.4450022842470379,Tier B - Activacion estandar,0
1617,0.4854781012811431,Tier B - Activacion estandar,0
1618,0.49754784880556097,Tier B - Activacion estandar,0
1619,0.47519675905110986,Tier B - Activacion estandar,0
1620,0.48238043838449096,Tier B - Activacion estandar,0
1621,0.3933745128512599,Tier C - Nurturing,0
1622,0.534833652774658,Tier B - Activacion estandar,1
1623,0.5717483772058095,Tier B - Activacion estandar,0
1624,0.4188406740112292,Tier B - Activacion estandar,0
1625,0.5091109682509061,Tier B - Activacion estandar,0
1626,0.3777260312836066,Tier C - Nurturing,0
1627,0.5018422406397509,Tier B - Activacion estandar,0
1628,0.5109762523757212,Tier B - Activacion estandar,1
1629,0.5051567102306934,Tier B - Activacion estandar,0
1630,0.4387723808502654,Tier B - Activacion estandar,0
1631,0.49464168987587515,Tier B - Activacion estandar,0
1632,0.5776041542244625,Tier B - Activacion estandar,0
1633,0.5096984809094693,Tier B - Activacion estandar,0
1634,0.4695440828381753,Tier B - Activacion estandar,0
1635,0.5149982528928576,Tier B - Activacion estandar,0
1636,0.5407070595739726,Tier B - Activacion estandar,1
1637,0.6241213250246744,Tier B - Activacion estandar,0
1638,0.510381800586206,Tier B - Activacion estandar,1
1639,0.3996010837293296,Tier C - Nurturing,0
1640,0.47275877115570575,Tier B - Activacion estandar,0
1641,0.5173803220554825,Tier B - Activacion estandar,0
1642,0.4662682629991954,Tier B - Activacion estandar,0
1643,0.5013758927270298,Tier B - Activacion estandar,0
1644,0.5836762496191915,Tier B - Activacion estandar,1
1645,0.3907036249482053,Tier C - Nurturing,0
1646,0.4753378904817865,Tier B - Activacion estandar,1
1647,0.42485699273325045,Tier B - Activacion estandar,0
1648,0.43157432897528597,Tier B - Activacion estandar,0
1649,0.3749519649359029,Tier C - Nurturing,0
1650,0.4500036861044751,Tier B - Activacion estandar,0
1651,0.38394697881559486,Tier C - Nurturing,1
1652,0.5499381959489658,Tier B - Activacion estandar,0
1653,0.510669553996183,Tier B - Activacion estandar,1
1654,0.5293065544346442,Tier B - Activacion estandar,0
1655,0.5236323459856277,Tier B - Activacion estandar,0
1656,0.507796424855678,Tier B - Activacion estandar,0
1657,0.5509534642231528,Tier B - Activacion estandar,0
1658,0.4825439269137469,Tier B - Activacion estandar,0
1659,0.48242744160396994,Tier B - Activacion estandar,0
1660,0.5411103024797124,Tier B - Activacion estandar,0
1661,0.4200134712338434,Tier B - Activacion estandar,0
1662,0.5012301944122105,Tier B - Activacion estandar,0
1663,0.5843573632914748,Tier B - Activacion estandar,1
1664,0.3584368700108785,Tier C - Nurturing,0
1665,0.602133673031211,Tier B - Activacion estandar,0
1666,0.4335548773109527,Tier B - Activacion estandar,0
1667,0.5485222483099472,Tier B - Activacion estandar,1
1668,0.47456820331366234,Tier B - Activacion estandar,1
1669,0.5963167601322441,Tier B - Activacion estandar,1
1670,0.48922928093083956,Tier B - Activacion estandar,0
1671,0.5951396330440489,Tier B - Activacion estandar,0
1672,0.3953396986774483,Tier C - Nurturing,1
1673,0.4377515484589769,Tier B - Activacion estandar,0
1674,0.5214627833964786,Tier B - Activacion estandar,1
1675,0.4858557290341372,Tier B - Activacion estandar,1
1676,0.4736016583980339,Tier B - Activacion estandar,0
1677,0.27720612619176,Tier C - Nurturing,0
1678,0.5412783628189086,Tier B - Activacion estandar,0
1679,0.4884521512943664,Tier B - Activacion estandar,0
1680,0.5744530012753429,Tier B - Activacion estandar,0
1681,0.5061280702821872,Tier B - Activacion estandar,0
1682,0.4641375240713499,Tier B - Activacion estandar,0
1683,0.4418460744944407,Tier B - Activacion estandar,0
1684,0.5054327764622881,Tier B - Activacion estandar,0
1685,0.5117463754729812,Tier B - Activacion estandar,0
1686,0.5755337060691714,Tier B - Activacion estandar,0
1687,0.5462620239679743,Tier B - Activacion estandar,0
1688,0.4395464730017569,Tier B - Activacion estandar,0
1689,0.5354082555121794,Tier B - Activacion estandar,0
1690,0.3465031427499561,Tier C - Nurturing,0
1691,0.45967006723811926,Tier B - Activacion estandar,1
1692,0.5376529849771939,Tier B - Activacion estandar,0
1693,0.5990947129796577,Tier B - Activacion estandar,1
1694,0.45396610634264556,Tier B - Activacion estandar,0
1695,0.5697219262486309,Tier B - Activacion estandar,0
1696,0.46581997182844087,Tier B - Activacion estandar,0
1697,0.5123092763338976,Tier B - Activacion estandar,1
1698,0.44106526765083753,Tier B - Activacion estandar,0
1699,0.48340139315573244,Tier B - Activacion estandar,0
1700,0.602541516768478,Tier B - Activacion estandar,0
1701,0.5443176328053742,Tier B - Activacion estandar,0
1702,0.5192320685993731,Tier B - Activacion estandar,0
1703,0.4037462633307878,Tier B - Activacion estandar,0
1704,0.394201119586553,Tier C - Nurturing,0
1705,0.4176670100066436,Tier B - Activacion estandar,1
1706,0.5184128852707344,Tier B - Activacion estandar,0
1707,0.4764851720245661,Tier B - Activacion estandar,0
1708,0.4985596236662614,Tier B - Activacion estandar,0
1709,0.5138480956259894,Tier B - Activacion estandar,0
1710,0.4669256295382573,Tier B - Activacion estandar,0
1711,0.37799605703378064,Tier C - Nurturing,0
1712,0.5451711692741964,Tier B - Activacion estandar,1
1713,0.41389354003298967,Tier B - Activacion estandar,0
1714,0.47762649321418843,Tier B - Activacion estandar,1
1715,0.6032127601983704,Tier B - Activacion estandar,0
1716,0.5618084299977216,Tier B - Activacion estandar,0
1717,0.5349002065535856,Tier B - Activacion estandar,0
1718,0.45733927403834984,Tier B - Activacion estandar,1
1719,0.46837243542413265,Tier B - Activacion estandar,0
1720,0.5151252274023974,Tier B - Activacion estandar,0
1721,0.39160452460268086,Tier C - Nurturing,0
1722,0.425613925148333,Tier B - Activacion estandar,0
1723,0.5872602231123696,Tier B - Activacion estandar,0
1724,0.5216007793075951,Tier B - Activacion estandar,0
1725,0.46853954494251004,Tier B - Activacion estandar,1
1726,0.4672413890716411,Tier B - Activacion estandar,0
1727,0.4549010379243647,Tier B - Activacion estandar,1
1728,0.4673430268583421,Tier B - Activacion estandar,0
1729,0.430151413120909,Tier B - Activacion estandar,0
1730,0.5354021292148018,Tier B - Activacion estandar,0
1731,0.45649294743535923,Tier B - Activacion estandar,0
1732,0.4324596181575531,Tier B - Activacion estandar,0
1733,0.49445887336689626,Tier B - Activacion estandar,0
1734,0.5195281387633999,Tier B - Activacion estandar,0
1735,0.4972602288289125,Tier B - Activacion estandar,0
1736,0.4912055829288174,Tier B - Activacion estandar,0
1737,0.45999921926016396,Tier B - Activacion estandar,1
1738,0.48915906465717346,Tier B - Activacion estandar,0
1739,0.45958176611122387,Tier B - Activacion estandar,0
1740,0.4954249061881538,Tier B - Activacion estandar,0
1741,0.4679543895762166,Tier B - Activacion estandar,0
1742,0.38126919091556444,Tier C - Nurturing,0
1743,0.5090472106226129,Tier B - Activacion estandar,0
1744,0.5003706378026359,Tier B - Activacion estandar,0
1745,0.5389150494825157,Tier B - Activacion estandar,0
1746,0.5488827680457357,Tier B - Activacion estandar,0
1747,0.47796430965183095,Tier B - Activacion estandar,0
1748,0.5436692042913557,Tier B - Activacion estandar,0
1749,0.501137437296995,Tier B - Activacion estandar,0
1750,0.41721198735444165,Tier B - Activacion estandar,0
1751,0.5045869014064971,Tier B - Activacion estandar,0
1752,0.3394069810857522,Tier C - Nurturing,0
1753,0.4189150718347967,Tier B - Activacion estandar,0
1754,0.4686776233038645,Tier B - Activacion estandar,0
1755,0.4425948448834013,Tier B - Activacion estandar,0
1756,0.36754534545109796,Tier C - Nurturing,0
1757,0.4359722118860174,Tier B - Activacion estandar,0
1758,0.58511269891747,Tier B - Activacion estandar,1
1759,0.4626296171743184,Tier B - Activacion estandar,1
1760,0.5010506184395543,Tier B - Activacion estandar,0
1761,0.5113889254937265,Tier B - Activacion estandar,1
1762,0.45834600260399183,Tier B - Activacion estandar,0
1763,0.452697819334804,Tier B - Activacion estandar,0
1764,0.4665293825183641,Tier B - Activacion estandar,0
1765,0.5496752383745546,Tier B - Activacion estandar,1
1766,0.5580260856978644,Tier B - Activacion estandar,0
1767,0.44894598700912275,Tier B - Activacion estandar,0
1768,0.446564811004406,Tier B - Activacion estandar,0
1769,0.4409513033876643,Tier B - Activacion estandar,0
1770,0.5868579052004033,Tier B - Activacion estandar,1
1771,0.5381236425187312,Tier B - Activacion estandar,0
1772,0.5468340579648714,Tier B - Activacion estandar,0
1773,0.5779583866802775,Tier B - Activacion estandar,0
1774,0.5282082158838806,Tier B - Activacion estandar,0
1775,0.4496220078744762,Tier B - Activacion estandar,0
1776,0.5237057247463381,Tier B - Activacion estandar,0
1777,0.4882122640344669,Tier B - Activacion estandar,1
1778,0.5202088019337021,Tier B - Activacion estandar,0
1779,0.5074500240996918,Tier B - Activacion estandar,0
1780,0.5555662677693476,Tier B - Activacion estandar,0
1781,0.6019088852149798,Tier B - Activacion estandar,0
1782,0.34572797322099447,Tier C - Nurturing,0
1783,0.5389590970260478,Tier B - Activacion estandar,0
1784,0.5958250914066354,Tier B - Activacion estandar,0
1785,0.4708916024846598,Tier B - Activacion estandar,0
1786,0.3456326095082213,Tier C - Nurturing,0
1787,0.5208133285113454,Tier B - Activacion estandar,0
1788,0.5184123854955696,Tier B - Activacion estandar,0
1789,0.4214899562504263,Tier B - Activacion estandar,0
1790,0.4917175524692024,Tier B - Activacion estandar,0
1791,0.49423406637622874,Tier B - Activacion estandar,0
1792,0.4423363731175387,Tier B - Activacion estandar,0
1793,0.5190886062178128,Tier B - Activacion estandar,0
1794,0.4099133606919084,Tier B - Activacion estandar,1
1795,0.5633457764973461,Tier B - Activacion estandar,0
1796,0.5218954715433953,Tier B - Activacion estandar,1
1797,0.4870515231406943,Tier B - Activacion estandar,0
1798,0.4351534244179613,Tier B - Activacion estandar,0
1799,0.531697119209545,Tier B - Activacion estandar,0
1800,0.5224726138471332,Tier B - Activacion estandar,0
1801,0.4858466588220383,Tier B - Activacion estandar,0
1802,0.4347917489235921,Tier B - Activacion estandar,0
1803,0.5290856476565341,Tier B - Activacion estandar,0
1804,0.5067547593317302,Tier B - Activacion estandar,0
1805,0.5216712888402091,Tier B - Activacion estandar,0
1806,0.4786512436923785,Tier B - Activacion estandar,0
1807,0.4617382545402984,Tier B - Activacion estandar,1
1808,0.5795987805250108,Tier B - Activacion estandar,1
1809,0.4531469013060474,Tier B - Activacion estandar,0
1810,0.5748989720089038,Tier B - Activacion estandar,1
1811,0.4646407009579872,Tier B - Activacion estandar,0
1812,0.5038151302068749,Tier B - Activacion estandar,0
1813,0.476689501995255,Tier B - Activacion estandar,0
1814,0.5134830144424416,Tier B - Activacion estandar,0
1815,0.5061012807000267,Tier B - Activacion estandar,1
1816,0.4785090104762502,Tier B - Activacion estandar,0
1817,0.5378412826719307,Tier B - Activacion estandar,0
1818,0.5371760670659156,Tier B - Activacion estandar,0
1819,0.5463731654972188,Tier B - Activacion estandar,0
1820,0.48478453747808004,Tier B - Activacion estandar,0
1821,0.4417226187738533,Tier B - Activacion estandar,1
1822,0.4978179859157733,Tier B - Activacion estandar,1
1823,0.495938609484556,Tier B - Activacion estandar,0
1824,0.5751343698303424,Tier B - Activacion estandar,0
1825,0.5722548307608141,Tier B - Activacion estandar,0
1826,0.49387519797065754,Tier B - Activacion estandar,0
1827,0.5170477393873807,Tier B - Activacion estandar,1
1828,0.467011307023146,Tier B - Activacion estandar,0
1829,0.5256901045604983,Tier B - Activacion estandar,0
1830,0.4665518481014781,Tier B - Activacion estandar,0
1831,0.5139801361334305,Tier B - Activacion estandar,0
1832,0.4763143019641156,Tier B - Activacion estandar,1
1833,0.5153616734347372,Tier B - Activacion estandar,1
1834,0.5794096932434707,Tier B - Activacion estandar,0
1835,0.5272270335629793,Tier B - Activacion estandar,1
1836,0.5247757168807887,Tier B - Activacion estandar,0
1837,0.5488871567872718,Tier B - Activacion estandar,1
1838,0.44590966589964526,Tier B - Activacion estandar,0
1839,0.5076939330919109,Tier B - Activacion estandar,0
1840,0.5030256458305883,Tier B - Activacion estandar,0
1841,0.436135553534753,Tier B - Activacion estandar,0
1842,0.5124329591480189,Tier B - Activacion estandar,0
1843,0.5902215573217285,Tier B - Activacion estandar,1
1844,0.5050835994504363,Tier B - Activacion estandar,0
1845,0.5668895269467209,Tier B - Activacion estandar,0
1846,0.5263460780262965,Tier B - Activacion estandar,1
1847,0.4473001148781216,Tier B - Activacion estandar,0
1848,0.6078860565153985,Tier B - Activacion estandar,1
1849,0.4311478534490847,Tier B - Activacion estandar,1
1850,0.5745561912407744,Tier B - Activacion estandar,0
1851,0.4804072626182252,Tier B - Activacion estandar,0
1852,0.4639024394112718,Tier B - Activacion estandar,0
1853,0.5086613257516067,Tier B - Activacion estandar,0
1854,0.5372180814617634,Tier B - Activacion estandar,0
1855,0.4275894619001311,Tier B - Activacion estandar,0
1856,0.5892766608084216,Tier B - Activacion estandar,0
1857,0.5421514577353655,Tier B - Activacion estandar,0
1858,0.4198755949567232,Tier B - Activacion estandar,0
1859,0.5551850031412855,Tier B - Activacion estandar,0
1860,0.5065981148085945,Tier B - Activacion estandar,0
1861,0.4408374271638347,Tier B - Activacion estandar,1
1862,0.41968837126698566,Tier B - Activacion estandar,0
1863,0.48196840628690363,Tier B - Activacion estandar,0
1864,0.5129718379502826,Tier B - Activacion estandar,1
1865,0.386882730096356,Tier C - Nurturing,0
1866,0.5590940521187495,Tier B - Activacion estandar,0
1867,0.5111953264176645,Tier B - Activacion estandar,0
1868,0.46856052198176007,Tier B - Activacion estandar,0
1869,0.5653375017740794,Tier B - Activacion estandar,1
1870,0.4542539996249973,Tier B - Activacion estandar,1
1871,0.5112926658125748,Tier B - Activacion estandar,0
1872,0.6155630191392698,Tier B - Activacion estandar,1
1873,0.5191962543156896,Tier B - Activacion estandar,0
1874,0.5428591571625966,Tier B - Activacion estandar,0
1875,0.5428920887095381,Tier B - Activacion estandar,0
1876,0.49632605451286815,Tier B - Activacion estandar,0
1877,0.28845938593372283,Tier C - Nurturing,0
1878,0.5335444732437179,Tier B - Activacion estandar,0
1879,0.3907476731240667,Tier C - Nurturing,0
1880,0.46344082494240263,Tier B - Activacion estandar,0
1881,0.47857398099279463,Tier B - Activacion estandar,0
1882,0.33557887148280025,Tier C - Nurturing,0
1883,0.4612423202138237,Tier B - Activacion estandar,0
1884,0.3845871542846086,Tier C - Nurturing,0
1885,0.5367661402537843,Tier B - Activacion estandar,0
1886,0.45337396330044905,Tier B - Activacion estandar,0
1887,0.5265931187075819,Tier B - Activacion estandar,0
1888,0.41088743733633837,Tier B - Activacion estandar,0
1889,0.4979417874004067,Tier B - Activacion estandar,0
1890,0.5031280874733302,Tier B - Activacion estandar,0
1891,0.43545319733046617,Tier B - Activacion estandar,1
1892,0.5078554209896264,Tier B - Activacion estandar,0
1893,0.5632631926851294,Tier B - Activacion estandar,0
1894,0.4741398846461229,Tier B - Activacion estandar,0
1895,0.44794053457352506,Tier B - Activacion estandar,1
1896,0.4883993508858824,Tier B - Activacion estandar,0
1897,0.5291140748706442,Tier B - Activacion estandar,0
1898,0.5354073618885009,Tier B - Activacion estandar,0
1899,0.5776512409584017,Tier B - Activacion estandar,1
1900,0.4276893129656595,Tier B - Activacion estandar,1
1901,0.4361199399456781,Tier B - Activacion estandar,0
1902,0.38799065718689896,Tier C - Nurturing,0
1903,0.43421982563221145,Tier B - Activacion estandar,0
1904,0.530262029982725,Tier B - Activacion estandar,1
1905,0.5270585174781716,Tier B - Activacion estandar,0
1906,0.5131685799784274,Tier B - Activacion estandar,1
1907,0.5434615228132704,Tier B - Activacion estandar,0
1908,0.5046019658261709,Tier B - Activacion estandar,0
1909,0.5725220151450158,Tier B - Activacion estandar,0
1910,0.4780596325280727,Tier B - Activacion estandar,0
1911,0.5097179691643235,Tier B - Activacion estandar,0
1912,0.3611191522336576,Tier C - Nurturing,0
1913,0.523049686439584,Tier B - Activacion estandar,0
1914,0.5405616849922417,Tier B - Activacion estandar,0
1915,0.5281081220609796,Tier B - Activacion estandar,0
1916,0.35454845881621533,Tier C - Nurturing,0
1917,0.526313127025022,Tier B - Activacion estandar,0
1918,0.4962042941486479,Tier B - Activacion estandar,0
1919,0.46955744223288254,Tier B - Activacion estandar,1
1920,0.5319761831943902,Tier B - Activacion estandar,1
1921,0.38802061464392873,Tier C - Nurturing,0
1922,0.5162874154411534,Tier B - Activacion estandar,0
1923,0.5653916471924969,Tier B - Activacion estandar,0
1924,0.45736700583611933,Tier B - Activacion estandar,0
1925,0.5613046868604076,Tier B - Activacion estandar,0
1926,0.4258179630953076,Tier B - Activacion estandar,0
1927,0.5188159830579989,Tier B - Activacion estandar,1
1928,0.5887952994219324,Tier B - Activacion estandar,0
1929,0.5048319743324479,Tier B - Activacion estandar,0
1930,0.553707735419687,Tier B - Activacion estandar,0
1931,0.6142156937658712,Tier B - Activacion estandar,0
1932,0.529861229106805,Tier B - Activacion estandar,0
1933,0.5737133182758128,Tier B - Activacion estandar,0
1934,0.4432571338840856,Tier B - Activacion estandar,0
1935,0.4232232852301259,Tier B - Activacion estandar,0
1936,0.44543040680178553,Tier B - Activacion estandar,0
1937,0.3404220700395066,Tier C - Nurturing,0
1938,0.5139497530826999,Tier B - Activacion estandar,1
1939,0.3924649943504193,Tier C - Nurturing,0
1940,0.4756012140672282,Tier B - Activacion estandar,0
1941,0.6065768610350032,Tier B - Activacion estandar,0
1942,0.4617192493605401,Tier B - Activacion estandar,1
1943,0.5692478525255771,Tier B - Activacion estandar,0
1944,0.42757294641157795,Tier B - Activacion estandar,1
1945,0.5298404817995869,Tier B - Activacion estandar,0
1946,0.4259611169498445,Tier B - Activacion estandar,0
1947,0.47286032732044797,Tier B - Activacion estandar,0
1948,0.5106501936203979,Tier B - Activacion estandar,0
1949,0.4909618339147127,Tier B - Activacion estandar,1
1950,0.44115308862455244,Tier B - Activacion estandar,0
1951,0.4688493026838309,Tier B - Activacion estandar,0
1952,0.5202807247379276,Tier B - Activacion estandar,0
1953,0.5865753523917853,Tier B - Activacion estandar,0
1954,0.39913985783486516,Tier C - Nurturing,0
1955,0.5665022484018479,Tier B - Activacion estandar,0
1956,0.5402907136985694,Tier B - Activacion estandar,1
1957,0.4378429652001045,Tier B - Activacion estandar,0
1958,0.46186667535969894,Tier B - Activacion estandar,0
1959,0.4886645050669249,Tier B - Activacion estandar,0
1960,0.4242314889141189,Tier B - Activacion estandar,0
1961,0.5310704387335178,Tier B - Activacion estandar,1
1962,0.48206784916945117,Tier B - Activacion estandar,0
1963,0.5069249982839494,Tier B - Activacion estandar,1
1964,0.5059214029564457,Tier B - Activacion estandar,0
1965,0.6115324554782501,Tier B - Activacion estandar,0
1966,0.5282124807681695,Tier B - Activacion estandar,0
1967,0.4608985903918023,Tier B - Activacion estandar,0
1968,0.46420469119477753,Tier B - Activacion estandar,0
1969,0.4721221445232274,Tier B - Activacion estandar,0
1970,0.47557260412529445,Tier B - Activacion estandar,0
1971,0.4417144819167725,Tier B - Activacion estandar,0
1972,0.4634366668501534,Tier B - Activacion estandar,0
1973,0.47067469921575,Tier B - Activacion estandar,0
1974,0.5275951601327099,Tier B - Activacion estandar,0
1975,0.4872770571898914,Tier B - Activacion estandar,0
1976,0.4628359264845636,Tier B - Activacion estandar,0
1977,0.5033835602825807,Tier B - Activacion estandar,1
1978,0.5372275476732411,Tier B - Activacion estandar,0
1979,0.4045278502026295,Tier B - Activacion estandar,0
1980,0.547207000961709,Tier B - Activacion estandar,1
1981,0.3248028915127342,Tier C - Nurturing,0
1982,0.5226053975886457,Tier B - Activacion estandar,0
1983,0.4768953649219703,Tier B - Activacion estandar,0
1984,0.28836852596936446,Tier C - Nurturing,0
1985,0.48107997923973617,Tier B - Activacion estandar,0
1986,0.4448810003732718,Tier B - Activacion estandar,0
1987,0.4307245223744339,Tier B - Activacion estandar,0
1988,0.48025017019680466,Tier B - Activacion estandar,0
1989,0.489109564209459,Tier B - Activacion estandar,0
1990,0.5856937429802996,Tier B - Activacion estandar,0
1991,0.40410566224131167,Tier B - Activacion estandar,0
1992,0.5116664733937385,Tier B - Activacion estandar,1
1993,0.4260803802979605,Tier B - Activacion estandar,0
1994,0.5104598968132482,Tier B - Activacion estandar,0
1995,0.49918192851003035,Tier B - Activacion estandar,1
1996,0.4437317027748259,Tier B - Activacion estandar,0
1997,0.47092353796857545,Tier B - Activacion estandar,0
1998,0.5811112577450122,Tier B - Activacion estandar,0
1999,0.45554400227651054,Tier B - Activacion estandar,0
2000,0.4928774556615413,Tier B - Activacion estandar,0
2001,0.4910482727459411,Tier B - Activacion estandar,0
2002,0.4978074969771247,Tier B - Activacion estandar,1
2003,0.4207605479778045,Tier B - Activacion estandar,0
2004,0.31062207050487706,Tier C - Nurturing,1
2005,0.45597316889173367,Tier B - Activacion estandar,0
2006,0.4787520364218327,Tier B - Activacion estandar,1
2007,0.453068223356001,Tier B - Activacion estandar,0
2008,0.3181816862291732,Tier C - Nurturing,0
2009,0.5002352266146165,Tier B - Activacion estandar,1
2010,0.43654571572395695,Tier B - Activacion estandar,0
2011,0.5422173485575338,Tier B - Activacion estandar,1
2012,0.4330891728007306,Tier B - Activacion estandar,0
2013,0.4013608828764166,Tier B - Activacion estandar,0
2014,0.5811311346362499,Tier B - Activacion estandar,0
2015,0.5100284358113099,Tier B - Activacion estandar,1
2016,0.5560892165578951,Tier B - Activacion estandar,0
2017,0.5741474050033839,Tier B - Activacion estandar,0
2018,0.5385971543259288,Tier B - Activacion estandar,0
2019,0.5415829528138043,Tier B - Activacion estandar,0
2020,0.506184867157114,Tier B - Activacion estandar,1
2021,0.42577942947093195,Tier B - Activacion estandar,1
2022,0.4431615905133623,Tier B - Activacion estandar,0
2023,0.4469575811918661,Tier B - Activacion estandar,1
2024,0.5156319425511052,Tier B - Activacion estandar,1
2025,0.511344345121848,Tier B - Activacion estandar,0
2026,0.4726754645125079,Tier B - Activacion estandar,0
2027,0.5096482572529132,Tier B - Activacion estandar,1
2028,0.4548156885779382,Tier B - Activacion estandar,0
2029,0.37920504027337226,Tier C - Nurturing,1
2030,0.543920234109121,Tier B - Activacion estandar,0
2031,0.6144567937550233,Tier B - Activacion estandar,0
2032,0.5649720164345708,Tier B - Activacion estandar,0
2033,0.5298921477325007,Tier B - Activacion estandar,0
2034,0.4538408606123399,Tier B - Activacion estandar,0
2035,0.45280154705299197,Tier B - Activacion estandar,0
2036,0.5044065669522603,Tier B - Activacion estandar,1
2037,0.5050296681619111,Tier B - Activacion estandar,0
2038,0.4402003270860008,Tier B - Activacion estandar,0
2039,0.5920331396772671,Tier B - Activacion estandar,0
2040,0.5243971538995996,Tier B - Activacion estandar,0
2041,0.5236996076076897,Tier B - Activacion estandar,0
2042,0.6017803680828858,Tier B - Activacion estandar,1
2043,0.47786025258248116,Tier B - Activacion estandar,0
2044,0.5034887701779981,Tier B - Activacion estandar,0
2045,0.5119538129419628,Tier B - Activacion estandar,0
2046,0.5221329823630197,Tier B - Activacion estandar,0
2047,0.5561472413580144,Tier B - Activacion estandar,0
2048,0.4341944405148799,Tier B - Activacion estandar,0
2049,0.395621487548153,Tier C - Nurturing,0
2050,0.4802727577008895,Tier B - Activacion estandar,1
2051,0.5382856375652333,Tier B - Activacion estandar,0
2052,0.37748178468432625,Tier C - Nurturing,0
2053,0.5218744956621808,Tier B - Activacion estandar,0
2054,0.5001797278272441,Tier B - Activacion estandar,0
2055,0.45871716926290707,Tier B - Activacion estandar,0
2056,0.5145894925087614,Tier B - Activacion estandar,0
2057,0.45150621370194804,Tier B - Activacion estandar,0
2058,0.4785331243490936,Tier B - Activacion estandar,0
2059,0.4101069197320574,Tier B - Activacion estandar,0
2060,0.3989250434320417,Tier C - Nurturing,0
2061,0.46029708108735784,Tier B - Activacion estandar,0
2062,0.4571693154795834,Tier B - Activacion estandar,0
2063,0.4625134291912187,Tier B - Activacion estandar,0
2064,0.41659574951127976,Tier B - Activacion estandar,1
2065,0.43109005036276205,Tier B - Activacion estandar,0
2066,0.48885406768005224,Tier B - Activacion estandar,0
2067,0.5397283788051227,Tier B - Activacion estandar,0
2068,0.5698808294340568,Tier B - Activacion estandar,0
2069,0.4673907128459597,Tier B - Activacion estandar,1
2070,0.41248697039022625,Tier B - Activacion estandar,0
2071,0.5051813473648316,Tier B - Activacion estandar,0
2072,0.5623325194969693,Tier B - Activacion estandar,0
2073,0.5022361062277017,Tier B - Activacion estandar,0
2074,0.4539288593062399,Tier B - Activacion estandar,0
2075,0.4436757647251881,Tier B - Activacion estandar,0
2076,0.49302060217153454,Tier B - Activacion estandar,0
2077,0.494970630706856,Tier B - Activacion estandar,0
2078,0.6396530562963041,Tier B - Activacion estandar,0
2079,0.509662742902665,Tier B - Activacion estandar,0
2080,0.5142056741717874,Tier B - Activacion estandar,0
2081,0.41271183917680404,Tier B - Activacion estandar,0
2082,0.5382493324364594,Tier B - Activacion estandar,0
2083,0.4851601861789088,Tier B - Activacion estandar,0
2084,0.41102816071459086,Tier B - Activacion estandar,0
2085,0.4818369915044426,Tier B - Activacion estandar,1
2086,0.44990865316206413,Tier B - Activacion estandar,1
2087,0.416782839899768,Tier B - Activacion estandar,0
2088,0.4906959526809522,Tier B - Activacion estandar,0
2089,0.4017813498783909,Tier B - Activacion estandar,0
2090,0.5092282827690101,Tier B - Activacion estandar,0
2091,0.2862118270662451,Tier C - Nurturing,1
2092,0.45787174729101576,Tier B - Activacion estandar,0
2093,0.4052614288504372,Tier B - Activacion estandar,0
2094,0.3554169370661669,Tier C - Nurturing,0
2095,0.507321932061356,Tier B - Activacion estandar,0
2096,0.4607959047941788,Tier B - Activacion estandar,0
2097,0.5017140553830426,Tier B - Activacion estandar,0
2098,0.44237782244656254,Tier B - Activacion estandar,0
2099,0.4633644481181417,Tier B - Activacion estandar,0
2100,0.3944167852109005,Tier C - Nurturing,0
2101,0.5288846190354841,Tier B - Activacion estandar,0
2102,0.5581280877674969,Tier B - Activacion estandar,0
2103,0.42248035917696114,Tier B - Activacion estandar,0
2104,0.45881230235052434,Tier B - Activacion estandar,0
2105,0.4500952064332456,Tier B - Activacion estandar,0
2106,0.5236515794542612,Tier B - Activacion estandar,1
2107,0.36679569223400593,Tier C - Nurturing,0
2108,0.4497987891553355,Tier B - Activacion estandar,0
2109,0.49652626308372133,Tier B - Activacion estandar,0
2110,0.5114389503511522,Tier B - Activacion estandar,0
2111,0.29166897356882493,Tier C - Nurturing,0
2112,0.5706206003361164,Tier B - Activacion estandar,0
2113,0.5740260486346065,Tier B - Activacion estandar,0
2114,0.4784693658396669,Tier B - Activacion estandar,1
2115,0.42049718565923017,Tier B - Activacion estandar,0
2116,0.5886540437279814,Tier B - Activacion estandar,0
2117,0.5486338746348451,Tier B - Activacion estandar,1
2118,0.5715827962146927,Tier B - Activacion estandar,0
2119,0.494902598438564,Tier B - Activacion estandar,0
2120,0.6040922230913931,Tier B - Activacion estandar,1
2121,0.49844113036831744,Tier B - Activacion estandar,0
2122,0.5109798606418172,Tier B - Activacion estandar,1
2123,0.5579624007898049,Tier B - Activacion estandar,0
2124,0.46524040153023777,Tier B - Activacion estandar,0
2125,0.49194959540721667,Tier B - Activacion estandar,0
2126,0.5896378318824009,Tier B - Activacion estandar,0
2127,0.4974259805685234,Tier B - Activacion estandar,1
2128,0.4282160785199528,Tier B - Activacion estandar,0
2129,0.48151355104072185,Tier B - Activacion estandar,0
2130,0.49192099989638893,Tier B - Activacion estandar,0
2131,0.46233364997413007,Tier B - Activacion estandar,0
2132,0.4163125560025082,Tier B - Activacion estandar,0
2133,0.45744391861080297,Tier B - Activacion estandar,0
2134,0.5581198695059837,Tier B - Activacion estandar,0
2135,0.4007560208308704,Tier B - Activacion estandar,0
2136,0.514880934583769,Tier B - Activacion estandar,0
2137,0.4959440964067305,Tier B - Activacion estandar,1
2138,0.4334610970023904,Tier B - Activacion estandar,0
2139,0.5028787006092443,Tier B - Activacion estandar,0
2140,0.38197843336991727,Tier C - Nurturing,0
2141,0.45969175146706004,Tier B - Activacion estandar,1
2142,0.6205959083112912,Tier B - Activacion estandar,0
2143,0.451218265938229,Tier B - Activacion estandar,0
2144,0.46615057084915307,Tier B - Activacion estandar,0
2145,0.5781047859696478,Tier B - Activacion estandar,0
2146,0.4983054896496996,Tier B - Activacion estandar,0
2147,0.5078580729404872,Tier B - Activacion estandar,0
2148,0.4944812959312658,Tier B - Activacion estandar,0
2149,0.475608765872488,Tier B - Activacion estandar,1
2150,0.5631315269407249,Tier B - Activacion estandar,1
2151,0.5204455316358947,Tier B - Activacion estandar,0
2152,0.4985623911774355,Tier B - Activacion estandar,0
2153,0.5432150429040681,Tier B - Activacion estandar,1
2154,0.5439396729172195,Tier B - Activacion estandar,0
2155,0.5651173587005053,Tier B - Activacion estandar,0
2156,0.4878957722260564,Tier B - Activacion estandar,0
2157,0.40247244456029185,Tier B - Activacion estandar,0
2158,0.5353464937719549,Tier B - Activacion estandar,0
2159,0.41668082451513044,Tier B - Activacion estandar,0
2160,0.4927954088406509,Tier B - Activacion estandar,0
2161,0.5245650278322292,Tier B - Activacion estandar,0
2162,0.48725617292056267,Tier B - Activacion estandar,0
2163,0.49165032995717645,Tier B - Activacion estandar,0
2164,0.5114215614742278,Tier B - Activacion estandar,0
2165,0.47973446635239275,Tier B - Activacion estandar,0
2166,0.5462702350707835,Tier B - Activacion estandar,0
2167,0.4265601373150189,Tier B - Activacion estandar,0
2168,0.5315401780265889,Tier B - Activacion estandar,0
2169,0.5275426280500308,Tier B - Activacion estandar,0
2170,0.4790624845572658,Tier B - Activacion estandar,0
2171,0.4462004652649135,Tier B - Activacion estandar,0
2172,0.43719788448294894,Tier B - Activacion estandar,0
2173,0.531852539017213,Tier B - Activacion estandar,0
2174,0.46404528751100227,Tier B - Activacion estandar,0
2175,0.5322510472305867,Tier B - Activacion estandar,0
2176,0.48160760342795844,Tier B - Activacion estandar,1
2177,0.4972660430809412,Tier B - Activacion estandar,0
2178,0.4279374161334643,Tier B - Activacion estandar,0
2179,0.49903918119202095,Tier B - Activacion estandar,0
2180,0.5712333799050598,Tier B - Activacion estandar,0
2181,0.5104345377862728,Tier B - Activacion estandar,0
2182,0.4858265728017457,Tier B - Activacion estandar,0
2183,0.5263790685443515,Tier B - Activacion estandar,1
2184,0.5230886092245326,Tier B - Activacion estandar,0
2185,0.4196779101943749,Tier B - Activacion estandar,0
2186,0.3859926933401236,Tier C - Nurturing,0
2187,0.24730704731556383,Tier C - Nurturing,0
2188,0.6215205085122523,Tier B - Activacion estandar,1
2189,0.5138008364589928,Tier B - Activacion estandar,1
2190,0.5269203496106805,Tier B - Activacion estandar,0
2191,0.4577455161534644,Tier B - Activacion estandar,0
2192,0.4735877164943397,Tier B - Activacion estandar,0
2193,0.20078576242610927,Tier C - Nurturing,0
2194,0.4334705164951735,Tier B - Activacion estandar,1
2195,0.5428030750554098,Tier B - Activacion estandar,1
2196,0.5761348181961229,Tier B - Activacion estandar,1
2197,0.5353252730737719,Tier B - Activacion estandar,1
2198,0.44928184895391665,Tier B - Activacion estandar,0
2199,0.5596071492992412,Tier B - Activacion estandar,0
2200,0.3770100601577441,Tier C - Nurturing,0
2201,0.6554210737205399,Tier B - Activacion estandar,0
2202,0.49254654337919523,Tier B - Activacion estandar,0
2203,0.5299203481811984,Tier B - Activacion estandar,0
2204,0.4135107911030713,Tier B - Activacion estandar,0
2205,0.519641078923685,Tier B - Activacion estandar,0
2206,0.5963099296877991,Tier B - Activacion estandar,1
2207,0.4460373176081245,Tier B - Activacion estandar,0
2208,0.5825163980223861,Tier B - Activacion estandar,0
2209,0.5479754308977163,Tier B - Activacion estandar,0
2210,0.5677626602921482,Tier B - Activacion estandar,0
2211,0.28583475935666103,Tier C - Nurturing,0
2212,0.4698274489524736,Tier B - Activacion estandar,0
2213,0.5029661017818188,Tier B - Activacion estandar,0
2214,0.5873971290739266,Tier B - Activacion estandar,0
2215,0.4849232910527867,Tier B - Activacion estandar,0
2216,0.35307615326199443,Tier C - Nurturing,0
2217,0.4977053143737108,Tier B - Activacion estandar,0
2218,0.46821848388521187,Tier B - Activacion estandar,1
2219,0.5936020605637511,Tier B - Activacion estandar,1
2220,0.6586932633150233,Tier B - Activacion estandar,1
2221,0.46241075040866003,Tier B - Activacion estandar,1
2222,0.45593940522252835,Tier B - Activacion estandar,0
2223,0.41015679701306723,Tier B - Activacion estandar,0
2224,0.49333932953159393,Tier B - Activacion estandar,1
2225,0.49763344302215107,Tier B - Activacion estandar,0
2226,0.3591348455162383,Tier C - Nurturing,0
2227,0.4828514166211355,Tier B - Activacion estandar,0
2228,0.4749749826157888,Tier B - Activacion estandar,1
2229,0.47993418902584606,Tier B - Activacion estandar,0
2230,0.4526911431685196,Tier B - Activacion estandar,0
2231,0.35454653406985487,Tier C - Nurturing,0
2232,0.4368722143002067,Tier B - Activacion estandar,0
2233,0.47401625004630354,Tier B - Activacion estandar,0
2234,0.49797463640339473,Tier B - Activacion estandar,0
2235,0.5413711451589571,Tier B - Activacion estandar,0
2236,0.5186869813406847,Tier B - Activacion estandar,0
2237,0.5351507141876543,Tier B - Activacion estandar,0
2238,0.47189834761411015,Tier B - Activacion estandar,0
2239,0.42039778245482307,Tier B - Activacion estandar,0
2240,0.44310164969080607,Tier B - Activacion estandar,0
2241,0.4701813140451266,Tier B - Activacion estandar,0
2242,0.4456323576715355,Tier B - Activacion estandar,0
2243,0.5355116603510756,Tier B - Activacion estandar,0
2244,0.5653390241719534,Tier B - Activacion estandar,1
2245,0.48202697433868885,Tier B - Activacion estandar,1
2246,0.33949248926297065,Tier C - Nurturing,1
2247,0.5704374369655819,Tier B - Activacion estandar,0
2248,0.5254020950053875,Tier B - Activacion estandar,0
2249,0.4269450252394186,Tier B - Activacion estandar,0
2250,0.5736716716983642,Tier B - Activacion estandar,0
2251,0.43993177207897,Tier B - Activacion estandar,1
2252,0.418835687383014,Tier B - Activacion estandar,0
2253,0.5210382167836607,Tier B - Activacion estandar,0
2254,0.5225482267590714,Tier B - Activacion estandar,0
2255,0.4753206458028451,Tier B - Activacion estandar,0
2256,0.4677517107941466,Tier B - Activacion estandar,0
2257,0.5223403453478386,Tier B - Activacion estandar,0
2258,0.4335657072131371,Tier B - Activacion estandar,1
2259,0.5329261775126777,Tier B - Activacion estandar,1
2260,0.32608184448623645,Tier C - Nurturing,0
2261,0.3442203332022875,Tier C - Nurturing,0
2262,0.5426762650925313,Tier B - Activacion estandar,0
2263,0.5728812724763367,Tier B - Activacion estandar,0
2264,0.5487650257622425,Tier B - Activacion estandar,0
2265,0.4364638821929298,Tier B - Activacion estandar,0
2266,0.4384843534049345,Tier B - Activacion estandar,0
2267,0.5652203620018093,Tier B - Activacion estandar,0
2268,0.4792964145413501,Tier B - Activacion estandar,1
2269,0.6108758673199535,Tier B - Activacion estandar,1
2270,0.561647156208974,Tier B - Activacion estandar,1
2271,0.5451664627683962,Tier B - Activacion estandar,1
2272,0.5004898879923276,Tier B - Activacion estandar,1
2273,0.5766840796005446,Tier B - Activacion estandar,0
2274,0.44016648748584525,Tier B - Activacion estandar,0
2275,0.4562480439391881,Tier B - Activacion estandar,1
2276,0.5297490464691421,Tier B - Activacion estandar,0
2277,0.5141828667658453,Tier B - Activacion estandar,0
2278,0.619113863163984,Tier B - Activacion estandar,0
2279,0.5398560592526067,Tier B - Activacion estandar,0
2280,0.5290805612499095,Tier B - Activacion estandar,0
2281,0.5594216956233867,Tier B - Activacion estandar,1
2282,0.4267318121464444,Tier B - Activacion estandar,0
2283,0.5674408921374976,Tier B - Activacion estandar,1
2284,0.630581283938119,Tier B - Activacion estandar,0
2285,0.49583053534376886,Tier B - Activacion estandar,1
2286,0.49034345923135664,Tier B - Activacion estandar,1
2287,0.5282723255365299,Tier B - Activacion estandar,0
2288,0.4606456144021174,Tier B - Activacion estandar,0
2289,0.5199961822603799,Tier B - Activacion estandar,0
2290,0.43746756762286026,Tier B - Activacion estandar,0
2291,0.49233449084656566,Tier B - Activacion estandar,0
2292,0.5066055534014149,Tier B - Activacion estandar,0
2293,0.5582940247700939,Tier B - Activacion estandar,0
2294,0.44532450657031836,Tier B - Activacion estandar,0
2295,0.4419256562404286,Tier B - Activacion estandar,0
2296,0.44586423164141903,Tier B - Activacion estandar,1
2297,0.47996391038648395,Tier B - Activacion estandar,0
2298,0.4818974277929265,Tier B - Activacion estandar,0
2299,0.5513748989915241,Tier B - Activacion estandar,0
2300,0.3424098447526618,Tier C - Nurturing,0
2301,0.49417463840416176,Tier B - Activacion estandar,0
2302,0.4953555703132385,Tier B - Activacion estandar,0
2303,0.3753136745508165,Tier C - Nurturing,0
2304,0.47592860009770876,Tier B - Activacion estandar,0
2305,0.5130421648051515,Tier B - Activacion estandar,0
2306,0.447616531541234,Tier B - Activacion estandar,0
2307,0.5840511953228944,Tier B - Activacion estandar,0
2308,0.498043095414643,Tier B - Activacion estandar,0
2309,0.5363987982042263,Tier B - Activacion estandar,0
2310,0.4122599921151925,Tier B - Activacion estandar,0
2311,0.5191792294014935,Tier B - Activacion estandar,0
2312,0.5625747639793852,Tier B - Activacion estandar,0
2313,0.5825039422412358,Tier B - Activacion estandar,1
2314,0.533620917498552,Tier B - Activacion estandar,0
2315,0.386588299021867,Tier C - Nurturing,0
2316,0.4774060521229318,Tier B - Activacion estandar,0
2317,0.4672897530450765,Tier B - Activacion estandar,0
2318,0.4367337369128485,Tier B - Activacion estandar,0
2319,0.41771170836835864,Tier B - Activacion estandar,0
2320,0.5343926754226053,Tier B - Activacion estandar,0
2321,0.30279342201683257,Tier C - Nurturing,0
2322,0.5836625245880394,Tier B - Activacion estandar,1
2323,0.39161884054691065,Tier C - Nurturing,0
2324,0.4979806313077744,Tier B - Activacion estandar,0
2325,0.45885936983031145,Tier B - Activacion estandar,0
2326,0.3948809738092439,Tier C - Nurturing,0
2327,0.46647476390624987,Tier B - Activacion estandar,0
2328,0.4574529470469521,Tier B - Activacion estandar,0
2329,0.5231449597115134,Tier B - Activacion estandar,0
2330,0.43368680619467115,Tier B - Activacion estandar,0
2331,0.5058885580909551,Tier B - Activacion estandar,0
2332,0.5879828650881775,Tier B - Activacion estandar,1
2333,0.5374285990524622,Tier B - Activacion estandar,0
2334,0.4480638461816174,Tier B - Activacion estandar,0
2335,0.6089278044387035,Tier B - Activacion estandar,0
2336,0.2620570709898779,Tier C - Nurturing,0
2337,0.46583880275980283,Tier B - Activacion estandar,0
2338,0.5318995711004673,Tier B - Activacion estandar,1
2339,0.5700099723783876,Tier B - Activacion estandar,1
2340,0.4483388315612046,Tier B - Activacion estandar,0
2341,0.5371344276743419,Tier B - Activacion estandar,0
2342,0.5083013242613148,Tier B - Activacion estandar,1
2343,0.4936879998962384,Tier B - Activacion estandar,0
2344,0.4763845625106026,Tier B - Activacion estandar,0
2345,0.3876972362071567,Tier C - Nurturing,0
2346,0.4850674798079705,Tier B - Activacion estandar,1
2347,0.49454951914442374,Tier B - Activacion estandar,0
2348,0.5306477787053899,Tier B - Activacion estandar,0
2349,0.4935445501544523,Tier B - Activacion estandar,0
2350,0.4909437244433971,Tier B - Activacion estandar,0
2351,0.5302456130817595,Tier B - Activacion estandar,0
2352,0.4632819473076025,Tier B - Activacion estandar,0
2353,0.4898004192641823,Tier B - Activacion estandar,0
2354,0.494187366625304,Tier B - Activacion estandar,0
2355,0.3772942982538091,Tier C - Nurturing,0
2356,0.44990547726249874,Tier B - Activacion estandar,0
2357,0.5123644830813368,Tier B - Activacion estandar,1
2358,0.39169589617473693,Tier C - Nurturing,0
2359,0.39637216591099034,Tier C - Nurturing,0
2360,0.5197957696360227,Tier B - Activacion estandar,0
2361,0.44745779111364004,Tier B - Activacion estandar,0
2362,0.5184573308050158,Tier B - Activacion estandar,0
2363,0.548120974064968,Tier B - Activacion estandar,0
2364,0.4414843129978405,Tier B - Activacion estandar,0
2365,0.478401758235484,Tier B - Activacion estandar,0
2366,0.5015807837232108,Tier B - Activacion estandar,0
2367,0.5088534655317495,Tier B - Activacion estandar,0
2368,0.4367638206459751,Tier B - Activacion estandar,0
2369,0.4868343132358015,Tier B - Activacion estandar,0
2370,0.5957630328595487,Tier B - Activacion estandar,0
2371,0.5369121755523276,Tier B - Activacion estandar,0
2372,0.5067708470885549,Tier B - Activacion estandar,0
2373,0.5934244712884928,Tier B - Activacion estandar,1
2374,0.45982439700051614,Tier B - Activacion estandar,1
2375,0.5087807183736544,Tier B - Activacion estandar,0
2376,0.48290683627522707,Tier B - Activacion estandar,0
2377,0.4168990077979697,Tier B - Activacion estandar,0
2378,0.5967131085916343,Tier B - Activacion estandar,0
2379,0.4563943250573469,Tier B - Activacion estandar,0
2380,0.5648106473988844,Tier B - Activacion estandar,0
2381,0.3849292125195773,Tier C - Nurturing,1
2382,0.4874245148062698,Tier B - Activacion estandar,0
2383,0.4229045147337666,Tier B - Activacion estandar,0
2384,0.5677674793748808,Tier B - Activacion estandar,0
2385,0.5565813964859954,Tier B - Activacion estandar,0
2386,0.47563174957675874,Tier B - Activacion estandar,0
2387,0.4456393503785637,Tier B - Activacion estandar,0
2388,0.6149784015380492,Tier B - Activacion estandar,0
2389,0.4016507173848251,Tier B - Activacion estandar,0
2390,0.46013614643682677,Tier B - Activacion estandar,0
2391,0.37314595517093657,Tier C - Nurturing,0
2392,0.47025697958067725,Tier B - Activacion estandar,1
2393,0.5217105817360215,Tier B - Activacion estandar,0
2394,0.5781532453512461,Tier B - Activacion estandar,0
2395,0.5398733798296549,Tier B - Activacion estandar,0
2396,0.458583386204233,Tier B - Activacion estandar,1
2397,0.39053976246611205,Tier C - Nurturing,0
2398,0.4871848523488801,Tier B - Activacion estandar,0
2399,0.47441517437367103,Tier B - Activacion estandar,0
2400,0.5193843146759005,Tier B - Activacion estandar,0
2401,0.4647475737758571,Tier B - Activacion estandar,0
2402,0.550904331771411,Tier B - Activacion estandar,0
2403,0.5211988761504263,Tier B - Activacion estandar,0
2404,0.4530161510975299,Tier B - Activacion estandar,0
2405,0.5922596038580632,Tier B - Activacion estandar,0
2406,0.49438470938271695,Tier B - Activacion estandar,0
2407,0.4923829144073452,Tier B - Activacion estandar,0
2408,0.5319978069227681,Tier B - Activacion estandar,0
2409,0.49069307601870266,Tier B - Activacion estandar,0
2410,0.42712336079783564,Tier B - Activacion estandar,0
2411,0.47036344455030915,Tier B - Activacion estandar,0
2412,0.46689286046455786,Tier B - Activacion estandar,0
2413,0.5429494202133515,Tier B - Activacion estandar,0
2414,0.43797986397386235,Tier B - Activacion estandar,0
2415,0.4236985110090708,Tier B - Activacion estandar,0
2416,0.5539617740616012,Tier B - Activacion estandar,0
2417,0.5118389363811263,Tier B - Activacion estandar,0
2418,0.430179387925956,Tier B - Activacion estandar,0
2419,0.5396833313029155,Tier B - Activacion estandar,0
2420,0.4773663414954084,Tier B - Activacion estandar,0
2421,0.5450344707567989,Tier B - Activacion estandar,0
2422,0.5176384852612923,Tier B - Activacion estandar,0
2423,0.4772627062975318,Tier B - Activacion estandar,0
2424,0.44507282137340987,Tier B - Activacion estandar,0
2425,0.5457606525032386,Tier B - Activacion estandar,0
2426,0.47501813780483176,Tier B - Activacion estandar,0
2427,0.4611799740369265,Tier B - Activacion estandar,0
2428,0.44397892857273935,Tier B - Activacion estandar,0
2429,0.4888774227761279,Tier B - Activacion estandar,0
2430,0.4946643692041656,Tier B - Activacion estandar,0
2431,0.43749041455967674,Tier B - Activacion estandar,0
2432,0.5573970471767759,Tier B - Activacion estandar,0
2433,0.4590096231595599,Tier B - Activacion estandar,0
2434,0.45004214721531355,Tier B - Activacion estandar,0
2435,0.4505054348448031,Tier B - Activacion estandar,0
2436,0.588014229160678,Tier B - Activacion estandar,0
2437,0.5397610095383891,Tier B - Activacion estandar,0
2438,0.5852622259743671,Tier B - Activacion estandar,0
2439,0.5115168452844125,Tier B - Activacion estandar,0
2440,0.5144352391823571,Tier B - Activacion estandar,0
2441,0.4977996961706329,Tier B - Activacion estandar,0
2442,0.5026659688961638,Tier B - Activacion estandar,0
2443,0.4573162622595083,Tier B - Activacion estandar,1
2444,0.5450061804670385,Tier B - Activacion estandar,0
2445,0.4647215107463959,Tier B - Activacion estandar,0
2446,0.5844629932438844,Tier B - Activacion estandar,0
2447,0.4764646594984951,Tier B - Activacion estandar,0
2448,0.4717674668385106,Tier B - Activacion estandar,1
2449,0.3586730921108625,Tier C - Nurturing,0
2450,0.5343992542838749,Tier B - Activacion estandar,0
2451,0.5294960841060486,Tier B - Activacion estandar,1
2452,0.5231402647517511,Tier B - Activacion estandar,1
2453,0.5055940614457167,Tier B - Activacion estandar,0
2454,0.4782305093343982,Tier B - Activacion estandar,0
2455,0.5375455532498494,Tier B - Activacion estandar,0
2456,0.38841012829458393,Tier C - Nurturing,0
2457,0.4299686061471895,Tier B - Activacion estandar,0
2458,0.4990014241866386,Tier B - Activacion estandar,0
2459,0.44222403048947034,Tier B - Activacion estandar,1
2460,0.5239411592303248,Tier B - Activacion estandar,1
2461,0.5444199513804894,Tier B - Activacion estandar,0
2462,0.5817917618257664,Tier B - Activacion estandar,1
2463,0.4427247860851526,Tier B - Activacion estandar,0
2464,0.5369901230482347,Tier B - Activacion estandar,1
2465,0.3900347130126727,Tier C - Nurturing,0
2466,0.41608551974826224,Tier B - Activacion estandar,0
2467,0.534757493084132,Tier B - Activacion estandar,1
2468,0.5459415870510596,Tier B - Activacion estandar,0
2469,0.5151882380317543,Tier B - Activacion estandar,0
2470,0.4764779871028827,Tier B - Activacion estandar,0
2471,0.4824352451847176,Tier B - Activacion estandar,0
2472,0.40088698184869254,Tier B - Activacion estandar,0
2473,0.40427244284148933,Tier B - Activacion estandar,1
2474,0.5681488078577496,Tier B - Activacion estandar,0
2475,0.4567795842207033,Tier B - Activacion estandar,0
2476,0.4849702109816018,Tier B - Activacion estandar,0
2477,0.4883442805069712,Tier B - Activacion estandar,0
2478,0.5267264417312362,Tier B - Activacion estandar,0
2479,0.5649164978271632,Tier B - Activacion estandar,1
2480,0.45627335734500096,Tier B - Activacion estandar,0
2481,0.5271261182497372,Tier B - Activacion estandar,0
2482,0.4319432173610044,Tier B - Activacion estandar,0
2483,0.47681767454882024,Tier B - Activacion estandar,0
2484,0.4477397271089264,Tier B - Activacion estandar,0
2485,0.5288359143876603,Tier B - Activacion estandar,0
2486,0.3979513008756753,Tier C - Nurturing,0
2487,0.513098074459301,Tier B - Activacion estandar,0
2488,0.4818718050248173,Tier B - Activacion estandar,1
2489,0.5971568649783635,Tier B - Activacion estandar,0
2490,0.40609062526288475,Tier B - Activacion estandar,1
2491,0.5877903690069859,Tier B - Activacion estandar,0
2492,0.48131266968650027,Tier B - Activacion estandar,0
2493,0.6214839042802786,Tier B - Activacion estandar,0
2494,0.5240680117020118,Tier B - Activacion estandar,0
2495,0.3842675481615729,Tier C - Nurturing,0
2496,0.4986258633011599,Tier B - Activacion estandar,0
2497,0.49438232794099557,Tier B - Activacion estandar,0
2498,0.48622814271759746,Tier B - Activacion estandar,0
2499,0.4619786800416675,Tier B - Activacion estandar,0
2500,0.5010629389793488,Tier B - Activacion estandar,1
2501,0.49975046390444294,Tier B - Activacion estandar,0
2502,0.41496347869110584,Tier B - Activacion estandar,0
2503,0.4997062157592447,Tier B - Activacion estandar,0
2504,0.6176260162101491,Tier B - Activacion estandar,0
2505,0.5867586946136216,Tier B - Activacion estandar,0
2506,0.4897565727158931,Tier B - Activacion estandar,0
2507,0.5427387064116956,Tier B - Activacion estandar,0
2508,0.5175248762379752,Tier B - Activacion estandar,0
2509,0.4889825962966504,Tier B - Activacion estandar,0
2510,0.49491113486478305,Tier B - Activacion estandar,0
2511,0.45681497168872354,Tier B - Activacion estandar,0
2512,0.4610979251737153,Tier B - Activacion estandar,0
2513,0.6064342133353147,Tier B - Activacion estandar,0
2514,0.4599209062672491,Tier B - Activacion estandar,0
2515,0.4497872231016478,Tier B - Activacion estandar,0
2516,0.5768967254243816,Tier B - Activacion estandar,0
2517,0.5249428955698269,Tier B - Activacion estandar,0
2518,0.5205133655706787,Tier B - Activacion estandar,0
2519,0.3260906442978936,Tier C - Nurturing,0
2520,0.5885996260846571,Tier B - Activacion estandar,0
2521,0.3788648599701069,Tier C - Nurturing,0
2522,0.40712153664742395,Tier B - Activacion estandar,0
2523,0.4215643171684627,Tier B - Activacion estandar,0
2524,0.4597257043540336,Tier B - Activacion estandar,0
2525,0.5049906310526607,Tier B - Activacion estandar,0
2526,0.47633845937579705,Tier B - Activacion estandar,1
2527,0.4134550470694075,Tier B - Activacion estandar,0
2528,0.6382463112888953,Tier B - Activacion estandar,1
2529,0.5353360476423754,Tier B - Activacion estandar,0
2530,0.48287510838181813,Tier B - Activacion estandar,0
2531,0.45962199611892957,Tier B - Activacion estandar,0
2532,0.5641185126948649,Tier B - Activacion estandar,1
2533,0.5174984922417346,Tier B - Activacion estandar,0
2534,0.5943257933942493,Tier B - Activacion estandar,0
2535,0.4616481977400958,Tier B - Activacion estandar,0
2536,0.39037344970387194,Tier C - Nurturing,0
2537,0.5421374845419737,Tier B - Activacion estandar,0
2538,0.4805773969858499,Tier B - Activacion estandar,1
2539,0.5051557550204119,Tier B - Activacion estandar,0
2540,0.5026269052542808,Tier B - Activacion estandar,0
2541,0.6010312392501281,Tier B - Activacion estandar,0
2542,0.5554455046246632,Tier B - Activacion estandar,0
2543,0.6234283578621259,Tier B - Activacion estandar,1
2544,0.3959953757345661,Tier C - Nurturing,0
2545,0.48806198698418335,Tier B - Activacion estandar,1
2546,0.4828209388153133,Tier B - Activacion estandar,0
2547,0.4239714863707633,Tier B - Activacion estandar,1
2548,0.5183846682429196,Tier B - Activacion estandar,0
2549,0.40369129490180466,Tier B - Activacion estandar,0
2550,0.48380203133537464,Tier B - Activacion estandar,0
2551,0.4352620890143878,Tier B - Activacion estandar,0
2552,0.49698717063479914,Tier B - Activacion estandar,0
2553,0.48028897164699696,Tier B - Activacion estandar,0
2554,0.43929688445621906,Tier B - Activacion estandar,0
2555,0.5712222347233079,Tier B - Activacion estandar,1
2556,0.4723321918217843,Tier B - Activacion estandar,1
2557,0.4715400728577623,Tier B - Activacion estandar,1
2558,0.40973044799055114,Tier B - Activacion estandar,0
2559,0.43972042419450147,Tier B - Activacion estandar,0
2560,0.6058822600332343,Tier B - Activacion estandar,0
2561,0.5702269805897159,Tier B - Activacion estandar,0
2562,0.43543866979496654,Tier B - Activacion estandar,0
2563,0.5388461061865742,Tier B - Activacion estandar,0
2564,0.5248354424074555,Tier B - Activacion estandar,0
2565,0.4121739843867292,Tier B - Activacion estandar,0
2566,0.3966257138036876,Tier C - Nurturing,1
2567,0.4592604616954534,Tier B - Activacion estandar,1
2568,0.45608812709485674,Tier B - Activacion estandar,0
2569,0.4992362374103635,Tier B - Activacion estandar,0
2570,0.5224350404443353,Tier B - Activacion estandar,0
2571,0.556591541299009,Tier B - Activacion estandar,0
2572,0.4787066971287457,Tier B - Activacion estandar,0
2573,0.5072458722245388,Tier B - Activacion estandar,0
2574,0.5036460525903724,Tier B - Activacion estandar,0
2575,0.5611488767490523,Tier B - Activacion estandar,0
2576,0.6226465218869383,Tier B - Activacion estandar,0
2577,0.3475198717672069,Tier C - Nurturing,0
2578,0.464043359803961,Tier B - Activacion estandar,0
2579,0.3907548710127046,Tier C - Nurturing,0
2580,0.5338444311095589,Tier B - Activacion estandar,0
2581,0.43874969653347706,Tier B - Activacion estandar,1
2582,0.37251876854316784,Tier C - Nurturing,0
2583,0.6218611585610295,Tier B - Activacion estandar,0
2584,0.5021756257656388,Tier B - Activacion estandar,0
2585,0.433025157017168,Tier B - Activacion estandar,0
2586,0.5100427924640004,Tier B - Activacion estandar,1
2587,0.42386905084591536,Tier B - Activacion estandar,0
2588,0.5332052967725937,Tier B - Activacion estandar,0
2589,0.3969668030306901,Tier C - Nurturing,0
2590,0.5416584937985446,Tier B - Activacion estandar,0
2591,0.5375751346229769,Tier B - Activacion estandar,0
2592,0.47128411293826505,Tier B - Activacion estandar,0
2593,0.5034485593264107,Tier B - Activacion estandar,0
2594,0.5621116672106081,Tier B - Activacion estandar,0
2595,0.45024432485946647,Tier B - Activacion estandar,0
2596,0.3069963885496096,Tier C - Nurturing,0
2597,0.49236606969389746,Tier B - Activacion estandar,0
2598,0.5358639874266312,Tier B - Activacion estandar,0
2599,0.531057412986164,Tier B - Activacion estandar,0
2600,0.46509754460508057,Tier B - Activacion estandar,0
2601,0.3617932191249019,Tier C - Nurturing,0
2602,0.5060313347266364,Tier B - Activacion estandar,0
2603,0.5500763921752364,Tier B - Activacion estandar,0
2604,0.5287134342850964,Tier B - Activacion estandar,0
2605,0.5149778553083966,Tier B - Activacion estandar,0
2606,0.5850500739041121,Tier B - Activacion estandar,0
2607,0.4947500758404173,Tier B - Activacion estandar,1
2608,0.5683074881594794,Tier B - Activacion estandar,0
2609,0.42639910173910234,Tier B - Activacion estandar,0
2610,0.4984485268617518,Tier B - Activacion estandar,0
2611,0.6286929684790612,Tier B - Activacion estandar,0
2612,0.5230717094348358,Tier B - Activacion estandar,0
2613,0.5369931298254227,Tier B - Activacion estandar,0
2614,0.3948320130897579,Tier C - Nurturing,0
2615,0.5814167044473577,Tier B - Activacion estandar,0
2616,0.4551405415078323,Tier B - Activacion estandar,0
2617,0.5336306906514497,Tier B - Activacion estandar,0
2618,0.392230298006168,Tier C - Nurturing,0
2619,0.47606924442219783,Tier B - Activacion estandar,0
2620,0.48952617172863616,Tier B - Activacion estandar,0
2621,0.509463281389234,Tier B - Activacion estandar,0
2622,0.48064415958248846,Tier B - Activacion estandar,0
2623,0.4957564097262057,Tier B - Activacion estandar,0
2624,0.4160311966457939,Tier B - Activacion estandar,0
2625,0.44830857934217355,Tier B - Activacion estandar,0
2626,0.3896271699109169,Tier C - Nurturing,0
2627,0.40500738089141347,Tier B - Activacion estandar,0
2628,0.4523251656467551,Tier B - Activacion estandar,1
2629,0.5064882843279529,Tier B - Activacion estandar,0
2630,0.4559853460373178,Tier B - Activacion estandar,1
2631,0.550143794051676,Tier B - Activacion estandar,0
2632,0.5369508634550191,Tier B - Activacion estandar,0
2633,0.5372448401885349,Tier B - Activacion estandar,0
2634,0.5613693049234595,Tier B - Activacion estandar,0
2635,0.5171304521475018,Tier B - Activacion estandar,0
2636,0.5183234723892408,Tier B - Activacion estandar,1
2637,0.5182404050261609,Tier B - Activacion estandar,0
2638,0.5091656337488104,Tier B - Activacion estandar,0
2639,0.5137797687102871,Tier B - Activacion estandar,0
2640,0.5215372134314074,Tier B - Activacion estandar,0
2641,0.579853416459952,Tier B - Activacion estandar,0
2642,0.42622114712875225,Tier B - Activacion estandar,1
2643,0.5181821132819453,Tier B - Activacion estandar,0
2644,0.43311591093928076,Tier B - Activacion estandar,0
2645,0.46470838294394545,Tier B - Activacion estandar,0
2646,0.4629830568093053,Tier B - Activacion estandar,0
2647,0.4453534392720416,Tier B - Activacion estandar,0
2648,0.4608281071694664,Tier B - Activacion estandar,0
2649,0.4094061871094429,Tier B - Activacion estandar,0
2650,0.3013433808342392,Tier C - Nurturing,0
2651,0.4286573651226302,Tier B - Activacion estandar,0
2652,0.4695074675748721,Tier B - Activacion estandar,0
2653,0.49667193662668135,Tier B - Activacion estandar,1
2654,0.5186340381493046,Tier B - Activacion estandar,0
2655,0.4360032875071589,Tier B - Activacion estandar,0
2656,0.5290060839148074,Tier B - Activacion estandar,0
2657,0.44354512421144654,Tier B - Activacion estandar,0
2658,0.42407368219443065,Tier B - Activacion estandar,0
2659,0.5054081539437145,Tier B - Activacion estandar,0
2660,0.570151774462561,Tier B - Activacion estandar,0
2661,0.4623585935208436,Tier B - Activacion estandar,1
2662,0.4438918564674594,Tier B - Activacion estandar,0
2663,0.5663388847867407,Tier B - Activacion estandar,0
2664,0.5324834416073292,Tier B - Activacion estandar,0
2665,0.5002345983302681,Tier B - Activacion estandar,1
2666,0.5273869667233335,Tier B - Activacion estandar,0
2667,0.49025869758460733,Tier B - Activacion estandar,0
2668,0.4770219004013856,Tier B - Activacion estandar,0
2669,0.4081245165341631,Tier B - Activacion estandar,0
2670,0.4711887414623143,Tier B - Activacion estandar,0
2671,0.5342657715042081,Tier B - Activacion estandar,0
2672,0.4652400153327219,Tier B - Activacion estandar,0
2673,0.48079033091663315,Tier B - Activacion estandar,0
2674,0.48479974477016674,Tier B - Activacion estandar,0
2675,0.5285119137621647,Tier B - Activacion estandar,0
2676,0.3504428536954868,Tier C - Nurturing,0
2677,0.47321171838440873,Tier B - Activacion estandar,0
2678,0.6191082482652949,Tier B - Activacion estandar,0
2679,0.6459273012914928,Tier B - Activacion estandar,0
2680,0.5851820252818868,Tier B - Activacion estandar,1
2681,0.5158985959056813,Tier B - Activacion estandar,0
2682,0.42199186391922294,Tier B - Activacion estandar,0
2683,0.3807290125371885,Tier C - Nurturing,0
2684,0.44316197271169433,Tier B - Activacion estandar,0
2685,0.5513813272373702,Tier B - Activacion estandar,0
2686,0.5672782735488794,Tier B - Activacion estandar,0
2687,0.4697684907734428,Tier B - Activacion estandar,0
2688,0.46932010748635844,Tier B - Activacion estandar,1
2689,0.4495486872929305,Tier B - Activacion estandar,0
2690,0.5770964538463245,Tier B - Activacion estandar,0
2691,0.4599686059069786,Tier B - Activacion estandar,1
2692,0.4796348976612323,Tier B - Activacion estandar,0
2693,0.6028640894925898,Tier B - Activacion estandar,0
2694,0.5896886279129654,Tier B - Activacion estandar,0
2695,0.4322868937315912,Tier B - Activacion estandar,0
2696,0.4361163036856524,Tier B - Activacion estandar,0
2697,0.37684675222426245,Tier C - Nurturing,1
2698,0.4429617259185268,Tier B - Activacion estandar,1
2699,0.559489468121406,Tier B - Activacion estandar,1
2700,0.49930378217000904,Tier B - Activacion estandar,1
2701,0.37704042594370357,Tier C - Nurturing,0
2702,0.4772430109606169,Tier B - Activacion estandar,0
2703,0.3859080466514012,Tier C - Nurturing,0
2704,0.3233649577707685,Tier C - Nurturing,1
2705,0.5332446999162939,Tier B - Activacion estandar,1
2706,0.4860768900239779,Tier B - Activacion estandar,0
2707,0.2864963659233506,Tier C - Nurturing,0
2708,0.47674712002667874,Tier B - Activacion estandar,0
2709,0.538084213053385,Tier B - Activacion estandar,0
2710,0.5606452387890892,Tier B - Activacion estandar,0
2711,0.349327073693447,Tier C - Nurturing,0
2712,0.54435978717909,Tier B - Activacion estandar,0
2713,0.43552097532519907,Tier B - Activacion estandar,1
2714,0.47988059364010466,Tier B - Activacion estandar,0
2715,0.4279818053170163,Tier B - Activacion estandar,0
2716,0.44909379758461926,Tier B - Activacion estandar,0
2717,0.5687011337260288,Tier B - Activacion estandar,0
2718,0.4608885863362176,Tier B - Activacion estandar,1
2719,0.4731818885001774,Tier B - Activacion estandar,0
2720,0.5271134424297422,Tier B - Activacion estandar,0
2721,0.3343260718749794,Tier C - Nurturing,0
2722,0.3755205420818746,Tier C - Nurturing,0
2723,0.560499803196641,Tier B - Activacion estandar,0
2724,0.5212964293962431,Tier B - Activacion estandar,0
2725,0.4101394406105528,Tier B - Activacion estandar,0
2726,0.5546481757066851,Tier B - Activacion estandar,0
2727,0.4739479473394817,Tier B - Activacion estandar,0
2728,0.41174455047994096,Tier B - Activacion estandar,0
2729,0.4203035560074336,Tier B - Activacion estandar,0
2730,0.5159843552441723,Tier B - Activacion estandar,0
2731,0.5589891400774545,Tier B - Activacion estandar,0
2732,0.4823685117331177,Tier B - Activacion estandar,0
2733,0.5468586973958894,Tier B - Activacion estandar,1
2734,0.3979102681897679,Tier C - Nurturing,0
2735,0.5572273665335628,Tier B - Activacion estandar,1
2736,0.5866492224013707,Tier B - Activacion estandar,0
2737,0.376902898443579,Tier C - Nurturing,0
2738,0.5201643158531981,Tier B - Activacion estandar,0
2739,0.4308102460976473,Tier B - Activacion estandar,1
2740,0.4459330889118204,Tier B - Activacion estandar,0
2741,0.5263482988371905,Tier B - Activacion estandar,1
2742,0.5299420847537072,Tier B - Activacion estandar,0
2743,0.4072098677711941,Tier B - Activacion estandar,0
2744,0.496600804001967,Tier B - Activacion estandar,1
2745,0.5105438278356397,Tier B - Activacion estandar,0
2746,0.3421256900419053,Tier C - Nurturing,0
2747,0.5283228648604016,Tier B - Activacion estandar,0
2748,0.532702762132813,Tier B - Activacion estandar,0
2749,0.5597849381426396,Tier B - Activacion estandar,0
2750,0.33910265252033417,Tier C - Nurturing,0
2751,0.41970455121680317,Tier B - Activacion estandar,0
2752,0.5623950116859543,Tier B - Activacion estandar,0
2753,0.49761117550542716,Tier B - Activacion estandar,0
2754,0.6161825102461733,Tier B - Activacion estandar,1
2755,0.4026543671312223,Tier B - Activacion estandar,0
2756,0.41912930853743063,Tier B - Activacion estandar,0
2757,0.4996829765101122,Tier B - Activacion estandar,0
2758,0.4383149729609483,Tier B - Activacion estandar,0
2759,0.5076641753825494,Tier B - Activacion estandar,0
2760,0.4724686757255298,Tier B - Activacion estandar,0
2761,0.494420383144813,Tier B - Activacion estandar,0
2762,0.4001019904424756,Tier B - Activacion estandar,0
2763,0.5291877562359348,Tier B - Activacion estandar,0
2764,0.4734122372714767,Tier B - Activacion estandar,0
2765,0.5238047187643109,Tier B - Activacion estandar,0
2766,0.5878308196358871,Tier B - Activacion estandar,0
2767,0.5795083373320927,Tier B - Activacion estandar,0
2768,0.512023964004389,Tier B - Activacion estandar,0
2769,0.43374271846972845,Tier B - Activacion estandar,0
2770,0.34414874527493833,Tier C - Nurturing,0
2771,0.5458096742962245,Tier B - Activacion estandar,0
2772,0.499782149736105,Tier B - Activacion estandar,1
2773,0.5066687856610275,Tier B - Activacion estandar,0
2774,0.4725413680071216,Tier B - Activacion estandar,0
2775,0.48734606175156714,Tier B - Activacion estandar,0
2776,0.46560846376232295,Tier B - Activacion estandar,0
2777,0.5990206097478762,Tier B - Activacion estandar,0
2778,0.4102528592940242,Tier B - Activacion estandar,0
2779,0.5088186937137656,Tier B - Activacion estandar,0
2780,0.5102357446622601,Tier B - Activacion estandar,0
2781,0.5723800183690435,Tier B - Activacion estandar,0
2782,0.6474933121738686,Tier B - Activacion estandar,0
2783,0.5367510135506636,Tier B - Activacion estandar,0
2784,0.5778494227373507,Tier B - Activacion estandar,0
2785,0.515791494589383,Tier B - Activacion estandar,0
2786,0.40648692771795786,Tier B - Activacion estandar,0
2787,0.47761133278403567,Tier B - Activacion estandar,0
2788,0.5046125974571424,Tier B - Activacion estandar,0
2789,0.4359286981802874,Tier B - Activacion estandar,1
2790,0.5318676969727055,Tier B - Activacion estandar,1
2791,0.41202599713552196,Tier B - Activacion estandar,0
2792,0.5008218437621659,Tier B - Activacion estandar,1
2793,0.5647437283919525,Tier B - Activacion estandar,1
2794,0.43885515142425396,Tier B - Activacion estandar,0
2795,0.551135119703017,Tier B - Activacion estandar,1
2796,0.4845041660506838,Tier B - Activacion estandar,0
2797,0.4765222851736213,Tier B - Activacion estandar,0
2798,0.48257119348435684,Tier B - Activacion estandar,0
2799,0.549234510110068,Tier B - Activacion estandar,0
2800,0.5020263904454665,Tier B - Activacion estandar,0
2801,0.5202723631733628,Tier B - Activacion estandar,0
2802,0.4708515125402108,Tier B - Activacion estandar,0
2803,0.4783264282520624,Tier B - Activacion estandar,0
2804,0.5638606720509427,Tier B - Activacion estandar,0
2805,0.4872079742593673,Tier B - Activacion estandar,0
2806,0.4994121845910368,Tier B - Activacion estandar,0
2807,0.5081784029425135,Tier B - Activacion estandar,0
2808,0.5322112002768107,Tier B - Activacion estandar,0
2809,0.5180227344699875,Tier B - Activacion estandar,0
2810,0.43935837998545146,Tier B - Activacion estandar,0
2811,0.5360270169392348,Tier B - Activacion estandar,0
2812,0.4064533997081081,Tier B - Activacion estandar,0
2813,0.4956412287381685,Tier B - Activacion estandar,1
2814,0.43016287369943157,Tier B - Activacion estandar,0
2815,0.522807394809314,Tier B - Activacion estandar,0
2816,0.26502062581369207,Tier C - Nurturing,0
2817,0.382762379249345,Tier C - Nurturing,0
2818,0.47806617029453163,Tier B - Activacion estandar,0
2819,0.39493341051225506,Tier C - Nurturing,0
2820,0.2581781052118191,Tier C - Nurturing,0
2821,0.4889235777153498,Tier B - Activacion estandar,0
2822,0.556989885607261,Tier B - Activacion estandar,0
2823,0.4810338117305178,Tier B - Activacion estandar,0
2824,0.4400199200984557,Tier B - Activacion estandar,1
2825,0.4072002986207155,Tier B - Activacion estandar,0
2826,0.5184685672723554,Tier B - Activacion estandar,0
2827,0.47087946785888013,Tier B - Activacion estandar,0
2828,0.5198259705288153,Tier B - Activacion estandar,0
2829,0.4784166193282906,Tier B - Activacion estandar,0
2830,0.5101128749085442,Tier B - Activacion estandar,0
2831,0.45600064120414774,Tier B - Activacion estandar,0
2832,0.48647578994765533,Tier B - Activacion estandar,1
2833,0.5483692953914441,Tier B - Activacion estandar,0
2834,0.4028660489244818,Tier B - Activacion estandar,0
2835,0.6550452950591157,Tier B - Activacion estandar,1
2836,0.45211723517313157,Tier B - Activacion estandar,0
2837,0.47365605676401906,Tier B - Activacion estandar,0
2838,0.4876211810203567,Tier B - Activacion estandar,0
2839,0.45720414979640467,Tier B - Activacion estandar,0
2840,0.5192520109770841,Tier B - Activacion estandar,0
2841,0.5940659152515505,Tier B - Activacion estandar,0
2842,0.5484005348542513,Tier B - Activacion estandar,0
2843,0.5358035332063933,Tier B - Activacion estandar,0
2844,0.2806705752423273,Tier C - Nurturing,1
2845,0.5256618804079443,Tier B - Activacion estandar,0
2846,0.4799237320516408,Tier B - Activacion estandar,0
2847,0.4690571132066,Tier B - Activacion estandar,0
2848,0.4666980439700469,Tier B - Activacion estandar,0
2849,0.38017944922025143,Tier C - Nurturing,0
2850,0.5971908111295641,Tier B - Activacion estandar,0
2851,0.4750487643954226,Tier B - Activacion estandar,0
2852,0.513547502101346,Tier B - Activacion estandar,0
2853,0.4565049005132551,Tier B - Activacion estandar,0
2854,0.38773585675924027,Tier C - Nurturing,0
2855,0.4536601250925567,Tier B - Activacion estandar,0
2856,0.4741515958003466,Tier B - Activacion estandar,0
2857,0.44868554396168236,Tier B - Activacion estandar,0
2858,0.5044855367358637,Tier B - Activacion estandar,0
2859,0.5043505948097539,Tier B - Activacion estandar,0
2860,0.3360560215949845,Tier C - Nurturing,0
2861,0.4704196450911849,Tier B - Activacion estandar,0
2862,0.4425904981113995,Tier B - Activacion estandar,0
2863,0.5058333065288486,Tier B - Activacion estandar,0
2864,0.5382219945847553,Tier B - Activacion estandar,1
2865,0.49374726211981135,Tier B - Activacion estandar,0
2866,0.3873031215200603,Tier C - Nurturing,0
2867,0.4697285500814047,Tier B - Activacion estandar,0
2868,0.4435713423478701,Tier B - Activacion estandar,0
2869,0.5333199196964338,Tier B - Activacion estandar,0
2870,0.4104106823143594,Tier B - Activacion estandar,0
2871,0.5564343373263785,Tier B - Activacion estandar,0
2872,0.4705246099515064,Tier B - Activacion estandar,0
2873,0.4960527400021171,Tier B - Activacion estandar,0
2874,0.4712597235899616,Tier B - Activacion estandar,0
2875,0.5088828757500379,Tier B - Activacion estandar,0
2876,0.360213011416582,Tier C - Nurturing,0
2877,0.6416139543226786,Tier B - Activacion estandar,0
2878,0.4385025695866224,Tier B - Activacion estandar,0
2879,0.5258057889476335,Tier B - Activacion estandar,1
2880,0.49262512492619676,Tier B - Activacion estandar,1
2881,0.4960382212818918,Tier B - Activacion estandar,0
2882,0.5004797987652791,Tier B - Activacion estandar,0
2883,0.4128045657655507,Tier B - Activacion estandar,0
2884,0.5549099141509883,Tier B - Activacion estandar,0
2885,0.4565939364623054,Tier B - Activacion estandar,0
2886,0.5395065119500162,Tier B - Activacion estandar,0
2887,0.6675574964485096,Tier B - Activacion estandar,0
2888,0.5230292299672106,Tier B - Activacion estandar,0
2889,0.6407117961803815,Tier B - Activacion estandar,1
2890,0.5608939296469488,Tier B - Activacion estandar,0
2891,0.5173837954304881,Tier B - Activacion estandar,0
2892,0.3929409265507272,Tier C - Nurturing,0
2893,0.6047784429030534,Tier B - Activacion estandar,0
2894,0.5218529809841996,Tier B - Activacion estandar,0
2895,0.5478661060399307,Tier B - Activacion estandar,0
2896,0.48316281911095177,Tier B - Activacion estandar,0
2897,0.5036865493989354,Tier B - Activacion estandar,0
2898,0.5371576619449346,Tier B - Activacion estandar,0
2899,0.5124054458022663,Tier B - Activacion estandar,0
2900,0.5553854189404852,Tier B - Activacion estandar,0
2901,0.48044492970046315,Tier B - Activacion estandar,0
2902,0.5210872114039794,Tier B - Activacion estandar,1
2903,0.5782662251214667,Tier B - Activacion estandar,0
2904,0.5777288109442691,Tier B - Activacion estandar,0
2905,0.5622613626049314,Tier B - Activacion estandar,0
2906,0.5312818765974338,Tier B - Activacion estandar,0
2907,0.46998284448945093,Tier B - Activacion estandar,1
2908,0.5601740517840903,Tier B - Activacion estandar,0
2909,0.3322863815617786,Tier C - Nurturing,0
2910,0.5950295784976584,Tier B - Activacion estandar,0
2911,0.46782474955930486,Tier B - Activacion estandar,0
2912,0.5327422451614917,Tier B - Activacion estandar,0
2913,0.5099046395566716,Tier B - Activacion estandar,0
2914,0.4309782992475884,Tier B - Activacion estandar,0
2915,0.5809509870245028,Tier B - Activacion estandar,0
2916,0.322883136375227,Tier C - Nurturing,0
2917,0.45893354363379435,Tier B - Activacion estandar,0
2918,0.48541484296011267,Tier B - Activacion estandar,0
2919,0.5660292008207635,Tier B - Activacion estandar,0
2920,0.59329751659479,Tier B - Activacion estandar,0
2921,0.44223883099068434,Tier B - Activacion estandar,0
2922,0.6318797047801608,Tier B - Activacion estandar,0
2923,0.7083439663500227,Tier A - Activacion premium,0
2924,0.5884866884576183,Tier B - Activacion estandar,0
2925,0.4815899655838753,Tier B - Activacion estandar,0
2926,0.6405031347682821,Tier B - Activacion estandar,0
2927,0.5609428981080686,Tier B - Activacion estandar,0
2928,0.4973978910663121,Tier B - Activacion estandar,0
2929,0.40204639017520527,Tier B - Activacion estandar,0
2930,0.4041229082721448,Tier B - Activacion estandar,0
2931,0.3806575834948638,Tier C - Nurturing,1
2932,0.45420119057703634,Tier B - Activacion estandar,0
2933,0.3955784294531582,Tier C - Nurturing,0
2934,0.48739473611027107,Tier B - Activacion estandar,0
2935,0.4967751787081389,Tier B - Activacion estandar,0
2936,0.40394539657794526,Tier B - Activacion estandar,0
2937,0.504157267477576,Tier B - Activacion estandar,0
2938,0.4468326385981186,Tier B - Activacion estandar,1
2939,0.43031981065121166,Tier B - Activacion estandar,0
2940,0.4901319892024745,Tier B - Activacion estandar,0
2941,0.3695758970771239,Tier C - Nurturing,0
2942,0.43520803978633543,Tier B - Activacion estandar,0
2943,0.4834534615448286,Tier B - Activacion estandar,1
2944,0.41493625672642215,Tier B - Activacion estandar,0
2945,0.4348431514351742,Tier B - Activacion estandar,0
2946,0.6199985232463973,Tier B - Activacion estandar,0
2947,0.5277987737317194,Tier B - Activacion estandar,0
2948,0.5281872310968526,Tier B - Activacion estandar,1
2949,0.4144063017451674,Tier B - Activacion estandar,0
2950,0.5363141132028729,Tier B - Activacion estandar,0
2951,0.4988698840889824,Tier B - Activacion estandar,0
2952,0.4325753295041236,Tier B - Activacion estandar,0
2953,0.43518724786208257,Tier B - Activacion estandar,0
2954,0.45107204409607315,Tier B - Activacion estandar,0
2955,0.48465921311882465,Tier B - Activacion estandar,0
2956,0.5227588115864347,Tier B - Activacion estandar,0
2957,0.419629384732511,Tier B - Activacion estandar,0
2958,0.38016834256448145,Tier C - Nurturing,0
2959,0.4594585967112454,Tier B - Activacion estandar,0
2960,0.6122546925150764,Tier B - Activacion estandar,0
2961,0.44080808457622106,Tier B - Activacion estandar,1
2962,0.5885263969977993,Tier B - Activacion estandar,0
2963,0.5385179931284505,Tier B - Activacion estandar,0
2964,0.6754632300798714,Tier B - Activacion estandar,0
2965,0.5490978441942753,Tier B - Activacion estandar,0
2966,0.658308394051099,Tier B - Activacion estandar,0
2967,0.43305736212744267,Tier B - Activacion estandar,0
2968,0.5789705609598524,Tier B - Activacion estandar,0
2969,0.5716678609404205,Tier B - Activacion estandar,1
2970,0.5335132853915926,Tier B - Activacion estandar,0
2971,0.5418925495702286,Tier B - Activacion estandar,0
2972,0.5243010333934505,Tier B - Activacion estandar,0
2973,0.5051940186480494,Tier B - Activacion estandar,0
2974,0.4948160278601071,Tier B - Activacion estandar,1
2975,0.554195985016031,Tier B - Activacion estandar,0
2976,0.43862392992772803,Tier B - Activacion estandar,0
2977,0.6344611944808485,Tier B - Activacion estandar,0
2978,0.6423596892850295,Tier B - Activacion estandar,0
2979,0.47064098069715665,Tier B - Activacion estandar,0
2980,0.5967072516155163,Tier B - Activacion estandar,0
2981,0.43195638599869274,Tier B - Activacion estandar,0
2982,0.5415286654931547,Tier B - Activacion estandar,0
2983,0.5142373432752757,Tier B - Activacion estandar,1
2984,0.521223793129309,Tier B - Activacion estandar,0
2985,0.6271498214592857,Tier B - Activacion estandar,0
2986,0.4748443253931999,Tier B - Activacion estandar,0
2987,0.5379887196358221,Tier B - Activacion estandar,0
2988,0.4887502340601204,Tier B - Activacion estandar,0
2989,0.3653917236335938,Tier C - Nurturing,0
2990,0.5167950264450671,Tier B - Activacion estandar,0
2991,0.29082566279690375,Tier C - Nurturing,1
2992,0.5685916615764796,Tier B - Activacion estandar,0
2993,0.4883752436438282,Tier B - Activacion estandar,0
2994,0.38557316149228865,Tier C - Nurturing,0
2995,0.5122226102843256,Tier B - Activacion estandar,0
2996,0.4205336385705275,Tier B - Activacion estandar,0
2997,0.5869877189366791,Tier B - Activacion estandar,0
2998,0.44519028305592884,Tier B - Activacion estandar,0
2999,0.37242128257005713,Tier C - Nurturing,0
3000,0.4852621756265489,Tier B - Activacion estandar,1
3001,0.4881824090464294,Tier B - Activacion estandar,0
3002,0.565660540884718,Tier B - Activacion estandar,0
3003,0.491913538018827,Tier B - Activacion estandar,0
3004,0.5630475189375347,Tier B - Activacion estandar,0
3005,0.4547436660027319,Tier B - Activacion estandar,1
3006,0.5512892590696596,Tier B - Activacion estandar,0
3007,0.5522750911803324,Tier B - Activacion estandar,0
3008,0.5430078381732186,Tier B - Activacion estandar,0
3009,0.5612352911027025,Tier B - Activacion estandar,0
3010,0.4724991569555809,Tier B - Activacion estandar,0
3011,0.48258596862628433,Tier B - Activacion estandar,0
3012,0.45797273766012647,Tier B - Activacion estandar,1
3013,0.5995193915995408,Tier B - Activacion estandar,0
3014,0.5688071963912754,Tier B - Activacion estandar,0
3015,0.5111963352980442,Tier B - Activacion estandar,0
3016,0.5208241009514959,Tier B - Activacion estandar,1
3017,0.6115033012976122,Tier B - Activacion estandar,0
3018,0.5238978010190807,Tier B - Activacion estandar,0
3019,0.5511487194728973,Tier B - Activacion estandar,0
3020,0.46988465108998656,Tier B - Activacion estandar,0
3021,0.5085543291692682,Tier B - Activacion estandar,1
3022,0.497728819202484,Tier B - Activacion estandar,0
3023,0.5391424260265466,Tier B - Activacion estandar,0
3024,0.555987708427118,Tier B - Activacion estandar,0
3025,0.5609128165093163,Tier B - Activacion estandar,0
3026,0.49516631986707166,Tier B - Activacion estandar,1
3027,0.5103286089404594,Tier B - Activacion estandar,1
3028,0.5122686270055362,Tier B - Activacion estandar,0
3029,0.4987940394573772,Tier B - Activacion estandar,0
3030,0.4830136867853439,Tier B - Activacion estandar,0
3031,0.5283832037872696,Tier B - Activacion estandar,0
3032,0.5641994644250568,Tier B - Activacion estandar,0
3033,0.5617300394870054,Tier B - Activacion estandar,0
3034,0.4484189768852945,Tier B - Activacion estandar,0
3035,0.5149004463437835,Tier B - Activacion estandar,0
3036,0.5292572957687375,Tier B - Activacion estandar,0
3037,0.5468789381734632,Tier B - Activacion estandar,0
3038,0.4831825626094011,Tier B - Activacion estandar,0
3039,0.5001762095881844,Tier B - Activacion estandar,0
3040,0.5039535691714769,Tier B - Activacion estandar,0
3041,0.3893953616992087,Tier C - Nurturing,0
3042,0.5074335478248881,Tier B - Activacion estandar,0
3043,0.36635577130704977,Tier C - Nurturing,0
3044,0.5714069793025806,Tier B - Activacion estandar,0
3045,0.4513855125695506,Tier B - Activacion estandar,0
3046,0.4334588130430557,Tier B - Activacion estandar,1
3047,0.618870099921177,Tier B - Activacion estandar,0
3048,0.4102376689038614,Tier B - Activacion estandar,0
3049,0.44112042829818476,Tier B - Activacion estandar,0
3050,0.5132335966011077,Tier B - Activacion estandar,0
3051,0.495090415512992,Tier B - Activacion estandar,1
3052,0.6279433250873302,Tier B - Activacion estandar,0
3053,0.4513495440492596,Tier B - Activacion estandar,0
3054,0.4933652152033097,Tier B - Activacion estandar,0
3055,0.5085936315405409,Tier B - Activacion estandar,0
3056,0.6083520009889015,Tier B - Activacion estandar,0
3057,0.5891935577630577,Tier B - Activacion estandar,0
3058,0.3818544052785482,Tier C - Nurturing,0
3059,0.5688243540472216,Tier B - Activacion estandar,0
3060,0.5359282500692163,Tier B - Activacion estandar,0
3061,0.5958813814878945,Tier B - Activacion estandar,0
3062,0.5188398103740903,Tier B - Activacion estandar,0
3063,0.4289527051553512,Tier B - Activacion estandar,0
3064,0.4201952044401816,Tier B - Activacion estandar,0
3065,0.5292104009455345,Tier B - Activacion estandar,0
3066,0.4853845678510883,Tier B - Activacion estandar,0
3067,0.5595438419984404,Tier B - Activacion estandar,0
3068,0.44452362893438657,Tier B - Activacion estandar,0
3069,0.541785328052999,Tier B - Activacion estandar,0
3070,0.3721555521156076,Tier C - Nurturing,0
3071,0.2621097701943584,Tier C - Nurturing,0
3072,0.5988764761055365,Tier B - Activacion estandar,0
3073,0.45954029387406065,Tier B - Activacion estandar,0
3074,0.31689626895593676,Tier C - Nurturing,0
3075,0.552122282219166,Tier B - Activacion estandar,0
3076,0.4589268469715014,Tier B - Activacion estandar,0
3077,0.5286432028966511,Tier B - Activacion estandar,0
3078,0.4554382078061357,Tier B - Activacion estandar,0
3079,0.5309948559624582,Tier B - Activacion estandar,0
3080,0.5440228086831608,Tier B - Activacion estandar,0
3081,0.5596759825065891,Tier B - Activacion estandar,0
3082,0.48264014682121675,Tier B - Activacion estandar,0
3083,0.5061181217743933,Tier B - Activacion estandar,0
3084,0.4624805686258255,Tier B - Activacion estandar,0
3085,0.478035082233722,Tier B - Activacion estandar,1
3086,0.4428876438246683,Tier B - Activacion estandar,0
3087,0.43756525612237906,Tier B - Activacion estandar,1
3088,0.37596818336066157,Tier C - Nurturing,0
3089,0.5516650921766448,Tier B - Activacion estandar,0
3090,0.45616608529312774,Tier B - Activacion estandar,0
3091,0.5261807160166283,Tier B - Activacion estandar,0
3092,0.45892720194838577,Tier B - Activacion estandar,0
3093,0.4899421622955724,Tier B - Activacion estandar,1
3094,0.4738953938897092,Tier B - Activacion estandar,1
3095,0.40577326190811996,Tier B - Activacion estandar,0
3096,0.40236612953418205,Tier B - Activacion estandar,1
3097,0.4088474401491687,Tier B - Activacion estandar,0
3098,0.5789327144396562,Tier B - Activacion estandar,1
3099,0.4745969774082855,Tier B - Activacion estandar,0
3100,0.543340827438453,Tier B - Activacion estandar,0
3101,0.5425909027379112,Tier B - Activacion estandar,0
3102,0.5381033377508443,Tier B - Activacion estandar,1
3103,0.5476057093816505,Tier B - Activacion estandar,0
3104,0.5424304734438037,Tier B - Activacion estandar,0
3105,0.6082774174317029,Tier B - Activacion estandar,0
3106,0.39908804528267816,Tier C - Nurturing,1
3107,0.565568666702931,Tier B - Activacion estandar,0
3108,0.4799524353896231,Tier B - Activacion estandar,1
3109,0.5866175977786015,Tier B - Activacion estandar,1
3110,0.46212237822945074,Tier B - Activacion estandar,0
3111,0.4206246934339166,Tier B - Activacion estandar,0
3112,0.572238028825317,Tier B - Activacion estandar,1
3113,0.460888685293346,Tier B - Activacion estandar,0
3114,0.5813548170215014,Tier B - Activacion estandar,1
3115,0.5321324615731428,Tier B - Activacion estandar,0
3116,0.5486467476836204,Tier B - Activacion estandar,1
3117,0.5326742749198454,Tier B - Activacion estandar,0
3118,0.48304290074942263,Tier B - Activacion estandar,0
3119,0.6142652654989111,Tier B - Activacion estandar,0
3120,0.5326173074256108,Tier B - Activacion estandar,0
3121,0.5948978532663538,Tier B - Activacion estandar,0
3122,0.5478454230434172,Tier B - Activacion estandar,0
3123,0.4408952996125337,Tier B - Activacion estandar,0
3124,0.5219810748456531,Tier B - Activacion estandar,0
3125,0.5009790691881905,Tier B - Activacion estandar,1
3126,0.4926175931529391,Tier B - Activacion estandar,1
3127,0.46413043497704454,Tier B - Activacion estandar,0
3128,0.5084473122744106,Tier B - Activacion estandar,1
3129,0.46289091606598487,Tier B - Activacion estandar,0
3130,0.5997923999744107,Tier B - Activacion estandar,1
3131,0.5902054723559615,Tier B - Activacion estandar,0
3132,0.5914253189985712,Tier B - Activacion estandar,0
3133,0.44081826712535654,Tier B - Activacion estandar,0
3134,0.46172122182858444,Tier B - Activacion estandar,0
3135,0.6063359237115601,Tier B - Activacion estandar,0
3136,0.5723662499248057,Tier B - Activacion estandar,0
3137,0.514079781663142,Tier B - Activacion estandar,0
3138,0.5215885362917538,Tier B - Activacion estandar,1
3139,0.2602871572544012,Tier C - Nurturing,0
3140,0.6078908230517329,Tier B - Activacion estandar,0
3141,0.5285866964328277,Tier B - Activacion estandar,0
3142,0.6159819357423689,Tier B - Activacion estandar,1
3143,0.669019519013316,Tier B - Activacion estandar,0
3144,0.5615386926599021,Tier B - Activacion estandar,0
3145,0.5205917748629074,Tier B - Activacion estandar,0
3146,0.4959031276035717,Tier B - Activacion estandar,0
3147,0.5488546397093432,Tier B - Activacion estandar,1
3148,0.484840615831533,Tier B - Activacion estandar,1
3149,0.5626963868158856,Tier B - Activacion estandar,1
3150,0.5137478367145447,Tier B - Activacion estandar,1
3151,0.5699008589996787,Tier B - Activacion estandar,1
3152,0.4783960846172684,Tier B - Activacion estandar,0
3153,0.5873740134195777,Tier B - Activacion estandar,1
3154,0.5587147010522695,Tier B - Activacion estandar,0
3155,0.5315926900211928,Tier B - Activacion estandar,0
3156,0.5161778909986616,Tier B - Activacion estandar,0
3157,0.5187568431755627,Tier B - Activacion estandar,0
3158,0.6128793014534246,Tier B - Activacion estandar,0
3159,0.642101110749338,Tier B - Activacion estandar,1
3160,0.5997736572015198,Tier B - Activacion estandar,0
3161,0.5755671985402329,Tier B - Activacion estandar,1
3162,0.5522168076884119,Tier B - Activacion estandar,0
3163,0.5013452580935008,Tier B - Activacion estandar,0
3164,0.5372768282851719,Tier B - Activacion estandar,1
3165,0.4527921468637809,Tier B - Activacion estandar,0
3166,0.4462396388232626,Tier B - Activacion estandar,0
3167,0.5960853450940781,Tier B - Activacion estandar,1
3168,0.635183400763838,Tier B - Activacion estandar,1
3169,0.5315048787888443,Tier B - Activacion estandar,0
3170,0.5871584796301418,Tier B - Activacion estandar,1
3171,0.4433588707609816,Tier B - Activacion estandar,0
3172,0.6199246377418451,Tier B - Activacion estandar,0
3173,0.5454183547165545,Tier B - Activacion estandar,1
3174,0.5471395515507763,Tier B - Activacion estandar,0
3175,0.5519823456858819,Tier B - Activacion estandar,0
3176,0.5359944397005081,Tier B - Activacion estandar,0
3177,0.6615632406903618,Tier B - Activacion estandar,0
3178,0.5350003643274422,Tier B - Activacion estandar,0
3179,0.540535643302139,Tier B - Activacion estandar,0
3180,0.6016049678034011,Tier B - Activacion estandar,0
3181,0.4967455184988995,Tier B - Activacion estandar,0
3182,0.47475037625523936,Tier B - Activacion estandar,1
3183,0.5746257496634135,Tier B - Activacion estandar,1
3184,0.5378711921470607,Tier B - Activacion estandar,0
3185,0.5640219862639794,Tier B - Activacion estandar,0
3186,0.5328117922668106,Tier B - Activacion estandar,0
3187,0.5873536586743864,Tier B - Activacion estandar,0
3188,0.5892670460872176,Tier B - Activacion estandar,0
3189,0.44215042406343874,Tier B - Activacion estandar,0
3190,0.5427319617759335,Tier B - Activacion estandar,0
3191,0.48989382251343705,Tier B - Activacion estandar,0
3192,0.525315748654364,Tier B - Activacion estandar,0
3193,0.43775712975259645,Tier B - Activacion estandar,0
3194,0.4514506818257053,Tier B - Activacion estandar,1
3195,0.43916480153439297,Tier B - Activacion estandar,0
3196,0.5578725956752858,Tier B - Activacion estandar,0
3197,0.41593352244601517,Tier B - Activacion estandar,1
3198,0.5443528219647996,Tier B - Activacion estandar,1
3199,0.5728107011323426,Tier B - Activacion estandar,0
3200,0.49275974459871746,Tier B - Activacion estandar,0
3201,0.6179028712918506,Tier B - Activacion estandar,0
3202,0.5772783619674798,Tier B - Activacion estandar,0
3203,0.4384816503060774,Tier B - Activacion estandar,0
3204,0.5559375544325071,Tier B - Activacion estandar,0
3205,0.4573939894438964,Tier B - Activacion estandar,0
3206,0.5850487562566635,Tier B - Activacion estandar,0
3207,0.4904863292794738,Tier B - Activacion estandar,0
3208,0.4721921472336347,Tier B - Activacion estandar,0
3209,0.5747949758789228,Tier B - Activacion estandar,0
3210,0.3895316395177904,Tier C - Nurturing,0
3211,0.5368550142521419,Tier B - Activacion estandar,0
3212,0.49036783091941744,Tier B - Activacion estandar,0
3213,0.501008810344781,Tier B - Activacion estandar,1
3214,0.4971318518023894,Tier B - Activacion estandar,0
3215,0.5898117158483163,Tier B - Activacion estandar,0
3216,0.5180639640958309,Tier B - Activacion estandar,0
3217,0.4796462461326978,Tier B - Activacion estandar,0
3218,0.5007935301851666,Tier B - Activacion estandar,1
3219,0.5154937150431175,Tier B - Activacion estandar,0
3220,0.44521411466248567,Tier B - Activacion estandar,0
3221,0.501367354647786,Tier B - Activacion estandar,0
3222,0.5047518371022344,Tier B - Activacion estandar,0
3223,0.48153451440446426,Tier B - Activacion estandar,0
3224,0.5048054372166918,Tier B - Activacion estandar,1
3225,0.5835216853163719,Tier B - Activacion estandar,0
3226,0.5315595721045968,Tier B - Activacion estandar,1
3227,0.5719612331050888,Tier B - Activacion estandar,0
3228,0.6323866974544684,Tier B - Activacion estandar,1
3229,0.6511211195045572,Tier B - Activacion estandar,0
3230,0.6748419934154255,Tier B - Activacion estandar,0
3231,0.416444389791396,Tier B - Activacion estandar,0
3232,0.5202476736731442,Tier B - Activacion estandar,0
3233,0.632408413980479,Tier B - Activacion estandar,0
3234,0.5763184071434777,Tier B - Activacion estandar,0
3235,0.6011109676246134,Tier B - Activacion estandar,0
3236,0.5590648048710259,Tier B - Activacion estandar,0
3237,0.6189079048034163,Tier B - Activacion estandar,0
3238,0.5988461218059755,Tier B - Activacion estandar,0
3239,0.49583052909861375,Tier B - Activacion estandar,0
3240,0.5669511167430589,Tier B - Activacion estandar,0
3241,0.5352072009125408,Tier B - Activacion estandar,1
3242,0.6033204284162241,Tier B - Activacion estandar,0
3243,0.6337568713661558,Tier B - Activacion estandar,1
3244,0.48682816656853095,Tier B - Activacion estandar,0
3245,0.4621976928396694,Tier B - Activacion estandar,0
3246,0.5591437462837006,Tier B - Activacion estandar,0
3247,0.5571382895753537,Tier B - Activacion estandar,1
3248,0.6830073205621244,Tier B - Activacion estandar,0
3249,0.6464338941537752,Tier B - Activacion estandar,0
3250,0.5878523029681101,Tier B - Activacion estandar,0
3251,0.6346027344473475,Tier B - Activacion estandar,0
3252,0.5639920191735788,Tier B - Activacion estandar,0
3253,0.4759456304275834,Tier B - Activacion estandar,1
3254,0.561215457150107,Tier B - Activacion estandar,0
3255,0.6417901427436817,Tier B - Activacion estandar,0
3256,0.6300786615737333,Tier B - Activacion estandar,0
3257,0.6098047711381114,Tier B - Activacion estandar,0
3258,0.5161570558973626,Tier B - Activacion estandar,0
3259,0.6353539184915334,Tier B - Activacion estandar,1
3260,0.6061058113646125,Tier B - Activacion estandar,0
3261,0.6552248016332419,Tier B - Activacion estandar,0
3262,0.6556055535672037,Tier B - Activacion estandar,1
3263,0.5083267163022233,Tier B - Activacion estandar,0
3264,0.6015039711891985,Tier B - Activacion estandar,0
3265,0.44062001284305186,Tier B - Activacion estandar,0
3266,0.5182599547709074,Tier B - Activacion estandar,0
3267,0.4689873333907901,Tier B - Activacion estandar,0
3268,0.5911850581956838,Tier B - Activacion estandar,0
3269,0.5336927783214495,Tier B - Activacion estandar,1
3270,0.5362323394561374,Tier B - Activacion estandar,1
3271,0.5291256628564492,Tier B - Activacion estandar,0
3272,0.5243778422222825,Tier B - Activacion estandar,0
3273,0.43286659445649533,Tier B - Activacion estandar,0
3274,0.47741298771691726,Tier B - Activacion estandar,1
3275,0.5942334661128388,Tier B - Activacion estandar,0
3276,0.5807991973825045,Tier B - Activacion estandar,0
3277,0.6650321150613914,Tier B - Activacion estandar,0
3278,0.5076794907603572,Tier B - Activacion estandar,0
3279,0.49694318939035076,Tier B - Activacion estandar,0
3280,0.6287045830367496,Tier B - Activacion estandar,0
3281,0.47911572729316826,Tier B - Activacion estandar,0
3282,0.4968670760887512,Tier B - Activacion estandar,0
3283,0.4638917609910576,Tier B - Activacion estandar,0
3284,0.48605183906391786,Tier B - Activacion estandar,0
3285,0.5051734511482657,Tier B - Activacion estandar,0
3286,0.3888157879966243,Tier C - Nurturing,0
3287,0.5050489667882347,Tier B - Activacion estandar,0
3288,0.4721357015034966,Tier B - Activacion estandar,0
3289,0.5280050650314198,Tier B - Activacion estandar,0
3290,0.5215627052488708,Tier B - Activacion estandar,0
3291,0.43583241719584503,Tier B - Activacion estandar,0
3292,0.4226339291722919,Tier B - Activacion estandar,0
3293,0.6336482228573416,Tier B - Activacion estandar,0
3294,0.49054557353524697,Tier B - Activacion estandar,0
3295,0.4783057759019434,Tier B - Activacion estandar,0
3296,0.3576002409134791,Tier C - Nurturing,0
3297,0.6570513885163173,Tier B - Activacion estandar,1
3298,0.5055604482828291,Tier B - Activacion estandar,0
3299,0.588524070908291,Tier B - Activacion estandar,0
3300,0.38112647487589374,Tier C - Nurturing,0
3301,0.5534926877198382,Tier B - Activacion estandar,0
3302,0.5917230649481536,Tier B - Activacion estandar,0
3303,0.4585938468366398,Tier B - Activacion estandar,0
3304,0.5695146463872689,Tier B - Activacion estandar,0
3305,0.5087317629650757,Tier B - Activacion estandar,0
3306,0.5631527586840638,Tier B - Activacion estandar,0
3307,0.5606374227038589,Tier B - Activacion estandar,0
3308,0.5969569383048569,Tier B - Activacion estandar,0
3309,0.48750155207829815,Tier B - Activacion estandar,1
3310,0.5118105476490868,Tier B - Activacion estandar,0
3311,0.5685441612634966,Tier B - Activacion estandar,0
3312,0.43909636792543555,Tier B - Activacion estandar,0
3313,0.5480764379551151,Tier B - Activacion estandar,0
3314,0.6082461916945746,Tier B - Activacion estandar,0
3315,0.5101260271844117,Tier B - Activacion estandar,0
3316,0.46233232720762635,Tier B - Activacion estandar,0
3317,0.5481317786197405,Tier B - Activacion estandar,1
3318,0.48878577252806477,Tier B - Activacion estandar,0
3319,0.45045032465495477,Tier B - Activacion estandar,1
3320,0.577234571672175,Tier B - Activacion estandar,0
3321,0.6050743786428554,Tier B - Activacion estandar,0
3322,0.5025643677043314,Tier B - Activacion estandar,0
3323,0.5787369840037658,Tier B - Activacion estandar,0
3324,0.5968906794481105,Tier B - Activacion estandar,0
3325,0.4881080565632305,Tier B - Activacion estandar,0
3326,0.5210629888243735,Tier B - Activacion estandar,0
3327,0.5099819212055899,Tier B - Activacion estandar,0
3328,0.5740301226201341,Tier B - Activacion estandar,0
3329,0.648051051826049,Tier B - Activacion estandar,0
3330,0.5663890325838741,Tier B - Activacion estandar,0
3331,0.5746906679988671,Tier B - Activacion estandar,1
3332,0.5524320603622421,Tier B - Activacion estandar,0
3333,0.6017341121529206,Tier B - Activacion estandar,1
3334,0.5034494187411314,Tier B - Activacion estandar,0
3335,0.5977109567768931,Tier B - Activacion estandar,0
3336,0.5380485856695273,Tier B - Activacion estandar,0
3337,0.5720632804117342,Tier B - Activacion estandar,0
3338,0.5976647950562025,Tier B - Activacion estandar,0
3339,0.5987170436093269,Tier B - Activacion estandar,0
3340,0.5807283376089061,Tier B - Activacion estandar,1
3341,0.4682329863352473,Tier B - Activacion estandar,0
3342,0.5092779704548699,Tier B - Activacion estandar,0
3343,0.5306154010050778,Tier B - Activacion estandar,0
3344,0.5062630032047345,Tier B - Activacion estandar,0
3345,0.5190767936311267,Tier B - Activacion estandar,0
3346,0.4893847588076337,Tier B - Activacion estandar,0
3347,0.5246622831237913,Tier B - Activacion estandar,1
3348,0.5132633149696382,Tier B - Activacion estandar,0
3349,0.5180545067391243,Tier B - Activacion estandar,0
3350,0.4419746510337646,Tier B - Activacion estandar,0
3351,0.5513674705265046,Tier B - Activacion estandar,0
3352,0.47285286789948094,Tier B - Activacion estandar,1
3353,0.5604195414778784,Tier B - Activacion estandar,0
3354,0.5460194005707814,Tier B - Activacion estandar,0
3355,0.5636218701295401,Tier B - Activacion estandar,0
3356,0.5239227695132932,Tier B - Activacion estandar,0
3357,0.4927994819947639,Tier B - Activacion estandar,1
3358,0.5202341090088287,Tier B - Activacion estandar,0
3359,0.59542258289023,Tier B - Activacion estandar,0
3360,0.5657531234557459,Tier B - Activacion estandar,0
3361,0.5296224696388486,Tier B - Activacion estandar,0
3362,0.5130770030797331,Tier B - Activacion estandar,1
3363,0.5118936855977975,Tier B - Activacion estandar,0
3364,0.5083272624935523,Tier B - Activacion estandar,0
3365,0.5240758573014691,Tier B - Activacion estandar,0
3366,0.5539275018865346,Tier B - Activacion estandar,0
3367,0.4686918016002989,Tier B - Activacion estandar,1
3368,0.5593236413771051,Tier B - Activacion estandar,0
3369,0.503347792665834,Tier B - Activacion estandar,1
3370,0.48131806272289557,Tier B - Activacion estandar,0
3371,0.4846706189883915,Tier B - Activacion estandar,0
3372,0.488376419446777,Tier B - Activacion estandar,1
3373,0.4072827839943027,Tier B - Activacion estandar,0
3374,0.6103912590081894,Tier B - Activacion estandar,0
3375,0.5071142142613114,Tier B - Activacion estandar,0
3376,0.5037308020328263,Tier B - Activacion estandar,0
3377,0.48168909940077187,Tier B - Activacion estandar,0
3378,0.5360109630154626,Tier B - Activacion estandar,0
3379,0.5501921206700295,Tier B - Activacion estandar,0
3380,0.4938214880670629,Tier B - Activacion estandar,0
3381,0.43194439622523206,Tier B - Activacion estandar,0
3382,0.5658731083063023,Tier B - Activacion estandar,0
3383,0.5579871211586684,Tier B - Activacion estandar,0
3384,0.5372879852936108,Tier B - Activacion estandar,0
3385,0.43044090478986663,Tier B - Activacion estandar,1
3386,0.6009489074851881,Tier B - Activacion estandar,0
3387,0.4426120975545139,Tier B - Activacion estandar,0
3388,0.515192166430117,Tier B - Activacion estandar,1
3389,0.4493948855235238,Tier B - Activacion estandar,0
3390,0.5900373601059103,Tier B - Activacion estandar,1
3391,0.5265320034829815,Tier B - Activacion estandar,0
3392,0.47117359133496833,Tier B - Activacion estandar,0
3393,0.4388733514235158,Tier B - Activacion estandar,0
3394,0.606583608737777,Tier B - Activacion estandar,0
3395,0.6203495918202068,Tier B - Activacion estandar,0
3396,0.4736197747323532,Tier B - Activacion estandar,0
3397,0.4577961948560309,Tier B - Activacion estandar,1
3398,0.46809580751310115,Tier B - Activacion estandar,0
3399,0.49720977003689987,Tier B - Activacion estandar,0
3400,0.5240863204845109,Tier B - Activacion estandar,1
3401,0.49440104194215695,Tier B - Activacion estandar,1
3402,0.569071247746803,Tier B - Activacion estandar,1
3403,0.424675129224139,Tier B - Activacion estandar,1
3404,0.6261761913449265,Tier B - Activacion estandar,0
3405,0.6311632889473784,Tier B - Activacion estandar,0
3406,0.5910787286632059,Tier B - Activacion estandar,0
3407,0.6079487976767337,Tier B - Activacion estandar,0
3408,0.5702676286212361,Tier B - Activacion estandar,1
3409,0.5503116831923583,Tier B - Activacion estandar,0
3410,0.5873893390520701,Tier B - Activacion estandar,1
3411,0.5145953307564662,Tier B - Activacion estandar,0
3412,0.5222408982496322,Tier B - Activacion estandar,0
3413,0.6403796393297526,Tier B - Activacion estandar,0
3414,0.4632383915106554,Tier B - Activacion estandar,0
3415,0.5574909049451636,Tier B - Activacion estandar,0
3416,0.5179634295366947,Tier B - Activacion estandar,0
3417,0.5517623170025642,Tier B - Activacion estandar,0
3418,0.5953968862724891,Tier B - Activacion estandar,1
3419,0.545623755506203,Tier B - Activacion estandar,1
3420,0.5216090094903898,Tier B - Activacion estandar,0
3421,0.5410225331466927,Tier B - Activacion estandar,0
3422,0.5850302502043946,Tier B - Activacion estandar,0
3423,0.6050829336836034,Tier B - Activacion estandar,0
3424,0.5199975887649666,Tier B - Activacion estandar,0
3425,0.4396865241119803,Tier B - Activacion estandar,0
3426,0.5239608462005323,Tier B - Activacion estandar,0
3427,0.5685067127120376,Tier B - Activacion estandar,0
3428,0.5496386970856817,Tier B - Activacion estandar,0
3429,0.5917518305901566,Tier B - Activacion estandar,0
3430,0.5577223584334304,Tier B - Activacion estandar,0
3431,0.5804701780421834,Tier B - Activacion estandar,0
3432,0.5362243625087161,Tier B - Activacion estandar,0
3433,0.5434256166861651,Tier B - Activacion estandar,0
3434,0.5750045762895853,Tier B - Activacion estandar,0
3435,0.5386366191980986,Tier B - Activacion estandar,1
3436,0.572284784283027,Tier B - Activacion estandar,1
3437,0.6377786994826937,Tier B - Activacion estandar,1
3438,0.5833494071856326,Tier B - Activacion estandar,0
3439,0.5579607679487764,Tier B - Activacion estandar,0
3440,0.49090790221539277,Tier B - Activacion estandar,0
3441,0.574516284951069,Tier B - Activacion estandar,0
3442,0.4822996463698859,Tier B - Activacion estandar,0
3443,0.518091760038904,Tier B - Activacion estandar,0
3444,0.53688969317113,Tier B - Activacion estandar,0
3445,0.5321717451551561,Tier B - Activacion estandar,0
3446,0.5638849280415794,Tier B - Activacion estandar,0
3447,0.572710145556567,Tier B - Activacion estandar,0
3448,0.47911516673447413,Tier B - Activacion estandar,0
3449,0.5596949991483974,Tier B - Activacion estandar,0
3450,0.60795205763683,Tier B - Activacion estandar,1
3451,0.5670719595459092,Tier B - Activacion estandar,0
3452,0.5504324533327063,Tier B - Activacion estandar,0
3453,0.5275557775143958,Tier B - Activacion estandar,0
3454,0.5119677200686427,Tier B - Activacion estandar,0
3455,0.5136696388992298,Tier B - Activacion estandar,0
3456,0.5114209205508016,Tier B - Activacion estandar,0
3457,0.5573433142183931,Tier B - Activacion estandar,0
3458,0.4717234871051508,Tier B - Activacion estandar,1
3459,0.6010951061888985,Tier B - Activacion estandar,0
3460,0.5117533266243058,Tier B - Activacion estandar,0
3461,0.5276778466124892,Tier B - Activacion estandar,0
3462,0.4955408585686325,Tier B - Activacion estandar,0
3463,0.6177797486560909,Tier B - Activacion estandar,0
3464,0.5371847556642904,Tier B - Activacion estandar,1
3465,0.5579436256077344,Tier B - Activacion estandar,0
3466,0.5699952636690243,Tier B - Activacion estandar,0
3467,0.5490513315997066,Tier B - Activacion estandar,0
3468,0.5060612312907196,Tier B - Activacion estandar,0
3469,0.5581371476665877,Tier B - Activacion estandar,1
3470,0.5833311012882708,Tier B - Activacion estandar,0
3471,0.5440423275943976,Tier B - Activacion estandar,0
3472,0.5538842731471593,Tier B - Activacion estandar,0
3473,0.41577034999215146,Tier B - Activacion estandar,0
3474,0.553545846022594,Tier B - Activacion estandar,0
3475,0.5223280042698537,Tier B - Activacion estandar,0
3476,0.4921899231663779,Tier B - Activacion estandar,0
3477,0.575851282284051,Tier B - Activacion estandar,0
3478,0.5300398204067408,Tier B - Activacion estandar,0
3479,0.5161848786513261,Tier B - Activacion estandar,0
3480,0.5452648278103539,Tier B - Activacion estandar,0
3481,0.5679761661543979,Tier B - Activacion estandar,0
3482,0.530237384011767,Tier B - Activacion estandar,0
3483,0.5135439735611945,Tier B - Activacion estandar,0
3484,0.5439846820756437,Tier B - Activacion estandar,0
3485,0.5863711481189433,Tier B - Activacion estandar,0
3486,0.505465581744309,Tier B - Activacion estandar,0
3487,0.5145219688980709,Tier B - Activacion estandar,0
3488,0.4367993287400649,Tier B - Activacion estandar,0
3489,0.5419804981722985,Tier B - Activacion estandar,0
3490,0.5702812753835762,Tier B - Activacion estandar,0
3491,0.4784467516561289,Tier B - Activacion estandar,0
3492,0.5101552389366195,Tier B - Activacion estandar,0
3493,0.5226037068797489,Tier B - Activacion estandar,0
3494,0.6069518567008287,Tier B - Activacion estandar,1
3495,0.5682987231023199,Tier B - Activacion estandar,0
3496,0.5712820665631675,Tier B - Activacion estandar,1
3497,0.45825119441371015,Tier B - Activacion estandar,0
3498,0.5698970562267918,Tier B - Activacion estandar,1
3499,0.5563688751061823,Tier B - Activacion estandar,0
3500,0.6204917764201654,Tier B - Activacion estandar,0
3501,0.4652580027013887,Tier B - Activacion estandar,0
3502,0.5927279675609446,Tier B - Activacion estandar,0
3503,0.554605476223283,Tier B - Activacion estandar,0
3504,0.4990385167010195,Tier B - Activacion estandar,1
3505,0.46679681060790457,Tier B - Activacion estandar,0
3506,0.5969881668352819,Tier B - Activacion estandar,0
3507,0.41008414470923404,Tier B - Activacion estandar,0
3508,0.5354812350954398,Tier B - Activacion estandar,0
3509,0.568656984446139,Tier B - Activacion estandar,0
3510,0.4995089231427204,Tier B - Activacion estandar,0
3511,0.45271300410052007,Tier B - Activacion estandar,0
3512,0.6210835856772707,Tier B - Activacion estandar,0
3513,0.4474222798439333,Tier B - Activacion estandar,0
3514,0.49698078851238037,Tier B - Activacion estandar,0
3515,0.4721005610835001,Tier B - Activacion estandar,1
3516,0.5224011014821657,Tier B - Activacion estandar,0
3517,0.563515328859073,Tier B - Activacion estandar,0
3518,0.49225476574941746,Tier B - Activacion estandar,0
3519,0.45874694430703267,Tier B - Activacion estandar,0
3520,0.42680543616954664,Tier B - Activacion estandar,0
3521,0.5574732168189801,Tier B - Activacion estandar,0
3522,0.52590703030633,Tier B - Activacion estandar,1
3523,0.4190436902377159,Tier B - Activacion estandar,1
3524,0.49453965902507774,Tier B - Activacion estandar,1
3525,0.46492546052487355,Tier B - Activacion estandar,0
3526,0.5964536606782883,Tier B - Activacion estandar,0
3527,0.3869811772007346,Tier C - Nurturing,0
3528,0.37239778474245155,Tier C - Nurturing,0
3529,0.5702055019155247,Tier B - Activacion estandar,0
3530,0.5086035427706113,Tier B - Activacion estandar,0
3531,0.4514585305152815,Tier B - Activacion estandar,0
3532,0.5946706703079199,Tier B - Activacion estandar,0
3533,0.5471724148019491,Tier B - Activacion estandar,1
3534,0.5353732516938557,Tier B - Activacion estandar,0
3535,0.560548848967302,Tier B - Activacion estandar,0
3536,0.5415859836334894,Tier B - Activacion estandar,1
3537,0.4534879172875794,Tier B - Activacion estandar,0
3538,0.5125557219818546,Tier B - Activacion estandar,0
3539,0.5062921112482032,Tier B - Activacion estandar,0
3540,0.5008659672294875,Tier B - Activacion estandar,1
3541,0.4427906452451337,Tier B - Activacion estandar,0
3542,0.6084120933700982,Tier B - Activacion estandar,0
3543,0.4004116919684487,Tier B - Activacion estandar,1
3544,0.5225771771750763,Tier B - Activacion estandar,1
3545,0.499376208306379,Tier B - Activacion estandar,0
3546,0.5346617940485227,Tier B - Activacion estandar,0
3547,0.48086805742975797,Tier B - Activacion estandar,1
3548,0.48485761378652326,Tier B - Activacion estandar,0
3549,0.5362632068080511,Tier B - Activacion estandar,0
3550,0.5354008350973486,Tier B - Activacion estandar,0
3551,0.6282118220043041,Tier B - Activacion estandar,0
3552,0.5519573117184189,Tier B - Activacion estandar,0
3553,0.40539217908518027,Tier B - Activacion estandar,0
3554,0.5865097994678411,Tier B - Activacion estandar,0
3555,0.6143118949818005,Tier B - Activacion estandar,0
3556,0.46924683878742823,Tier B - Activacion estandar,0
3557,0.5550846296229879,Tier B - Activacion estandar,1
3558,0.5753315982348131,Tier B - Activacion estandar,0
3559,0.4429078717397357,Tier B - Activacion estandar,0
3560,0.4980391942706381,Tier B - Activacion estandar,0
3561,0.45738155275018777,Tier B - Activacion estandar,0
3562,0.44658330271862146,Tier B - Activacion estandar,0
3563,0.5612534401950506,Tier B - Activacion estandar,0
3564,0.5569342091880217,Tier B - Activacion estandar,0
3565,0.4737667950863629,Tier B - Activacion estandar,0
3566,0.45454676688587764,Tier B - Activacion estandar,1
3567,0.5504537828969256,Tier B - Activacion estandar,0
3568,0.5348818613919704,Tier B - Activacion estandar,0
3569,0.45802059188974703,Tier B - Activacion estandar,0
3570,0.3451083841960098,Tier C - Nurturing,0
3571,0.5638227120883892,Tier B - Activacion estandar,0
3572,0.5066170114339225,Tier B - Activacion estandar,0
3573,0.4315903829755768,Tier B - Activacion estandar,0
3574,0.576514867974536,Tier B - Activacion estandar,0
3575,0.5401648760919223,Tier B - Activacion estandar,0
3576,0.510076248988676,Tier B - Activacion estandar,0
3577,0.5125148508440799,Tier B - Activacion estandar,0
3578,0.4593229115198858,Tier B - Activacion estandar,0
3579,0.6267453421768556,Tier B - Activacion estandar,0
3580,0.5621629683841208,Tier B - Activacion estandar,0
3581,0.47205959163043326,Tier B - Activacion estandar,0
3582,0.5645946857005161,Tier B - Activacion estandar,0
3583,0.3044050463898748,Tier C - Nurturing,0
3584,0.5218349840138299,Tier B - Activacion estandar,0
3585,0.529285312871819,Tier B - Activacion estandar,0
3586,0.5495934752959982,Tier B - Activacion estandar,1
3587,0.5097953698529809,Tier B - Activacion estandar,0
3588,0.4299653575204378,Tier B - Activacion estandar,0
3589,0.5175432820940837,Tier B - Activacion estandar,0
3590,0.48023960658083675,Tier B - Activacion estandar,1
3591,0.5415409312053477,Tier B - Activacion estandar,0
3592,0.4061093916283678,Tier B - Activacion estandar,0
3593,0.44722317367335457,Tier B - Activacion estandar,0
3594,0.4997550443529702,Tier B - Activacion estandar,0
3595,0.5217732808735124,Tier B - Activacion estandar,0
3596,0.5833050502988025,Tier B - Activacion estandar,1
3597,0.5387746129189318,Tier B - Activacion estandar,0
3598,0.5227998689679966,Tier B - Activacion estandar,1
3599,0.5168205126563783,Tier B - Activacion estandar,0
3600,0.5178094559228047,Tier B - Activacion estandar,0
3601,0.5136662061161361,Tier B - Activacion estandar,0
3602,0.5064750280757687,Tier B - Activacion estandar,0
3603,0.574298086986663,Tier B - Activacion estandar,0
3604,0.5069971672468077,Tier B - Activacion estandar,0
3605,0.5320596284800427,Tier B - Activacion estandar,1
3606,0.6521906979206972,Tier B - Activacion estandar,0
3607,0.38495199206416514,Tier C - Nurturing,0
3608,0.5698085450738904,Tier B - Activacion estandar,1
3609,0.41969425318769976,Tier B - Activacion estandar,0
3610,0.46628768767723444,Tier B - Activacion estandar,0
3611,0.4160407257893558,Tier B - Activacion estandar,0
3612,0.4462638365796573,Tier B - Activacion estandar,0
3613,0.5407700350083121,Tier B - Activacion estandar,0
3614,0.5384108484669073,Tier B - Activacion estandar,0
3615,0.5404221789681041,Tier B - Activacion estandar,0
3616,0.5845384408642273,Tier B - Activacion estandar,0
3617,0.5057161892249014,Tier B - Activacion estandar,0
3618,0.5472313666807183,Tier B - Activacion estandar,0
3619,0.5259678286926923,Tier B - Activacion estandar,0
3620,0.6004578623717203,Tier B - Activacion estandar,1
3621,0.5425661523303726,Tier B - Activacion estandar,0
3622,0.5809018920125528,Tier B - Activacion estandar,1
3623,0.4751543099556151,Tier B - Activacion estandar,1
3624,0.41055271019712786,Tier B - Activacion estandar,0
3625,0.5491132695103018,Tier B - Activacion estandar,0
3626,0.46002359870960746,Tier B - Activacion estandar,0
3627,0.4539111617404751,Tier B - Activacion estandar,0
3628,0.5416909139596666,Tier B - Activacion estandar,0
3629,0.4938535448160212,Tier B - Activacion estandar,0
3630,0.5219759815301952,Tier B - Activacion estandar,0
3631,0.5444229353264666,Tier B - Activacion estandar,0
3632,0.5018570425499184,Tier B - Activacion estandar,0
3633,0.5771949324580578,Tier B - Activacion estandar,1
3634,0.6042504252002211,Tier B - Activacion estandar,1
3635,0.479368351397653,Tier B - Activacion estandar,0
3636,0.45598760744356664,Tier B - Activacion estandar,0
3637,0.3878513899866346,Tier C - Nurturing,0
3638,0.5263427294665505,Tier B - Activacion estandar,0
3639,0.557430156397415,Tier B - Activacion estandar,0
3640,0.46852432897638796,Tier B - Activacion estandar,0
3641,0.47617823860113756,Tier B - Activacion estandar,0
3642,0.4343336875330228,Tier B - Activacion estandar,0
3643,0.5412198667509938,Tier B - Activacion estandar,1
3644,0.3702655225140188,Tier C - Nurturing,0
3645,0.3532410421193575,Tier C - Nurturing,1
3646,0.4626238865568151,Tier B - Activacion estandar,0
3647,0.5233026859268848,Tier B - Activacion estandar,0
3648,0.568623337115469,Tier B - Activacion estandar,1
3649,0.5467515212097724,Tier B - Activacion estandar,0
3650,0.5899260171860625,Tier B - Activacion estandar,0
3651,0.36203636197279676,Tier C - Nurturing,0
3652,0.5641179875238076,Tier B - Activacion estandar,0
3653,0.5047359390499084,Tier B - Activacion estandar,1
3654,0.5324587262585269,Tier B - Activacion estandar,0
3655,0.520174309349136,Tier B - Activacion estandar,0
3656,0.5011721191113617,Tier B - Activacion estandar,0
3657,0.48450086379568275,Tier B - Activacion estandar,0
3658,0.4525305693953886,Tier B - Activacion estandar,0
3659,0.4780874136708234,Tier B - Activacion estandar,1
3660,0.49736123158388923,Tier B - Activacion estandar,0
3661,0.5515363382924788,Tier B - Activacion estandar,1
3662,0.48021738364139155,Tier B - Activacion estandar,0
3663,0.5167258584820592,Tier B - Activacion estandar,1
3664,0.3148782257512862,Tier C - Nurturing,0
3665,0.6296596443520939,Tier B - Activacion estandar,0
3666,0.5427156835756232,Tier B - Activacion estandar,0
3667,0.5459000762188402,Tier B - Activacion estandar,0
3668,0.3489018743927177,Tier C - Nurturing,0
3669,0.5270360087701155,Tier B - Activacion estandar,0
3670,0.23789417405699206,Tier C - Nurturing,0
3671,0.41242968106942474,Tier B - Activacion estandar,0
3672,0.5728607207595963,Tier B - Activacion estandar,0
3673,0.42331570637470917,Tier B - Activacion estandar,0
3674,0.46636076963469675,Tier B - Activacion estandar,0
3675,0.49089522090291665,Tier B - Activacion estandar,0
3676,0.4750537237219486,Tier B - Activacion estandar,0
3677,0.5106393295015234,Tier B - Activacion estandar,0
3678,0.584452148809199,Tier B - Activacion estandar,0
3679,0.4514293521335768,Tier B - Activacion estandar,0
3680,0.5517928845908463,Tier B - Activacion estandar,1
3681,0.4093157522227329,Tier B - Activacion estandar,0
3682,0.43826677093281163,Tier B - Activacion estandar,0
3683,0.5251016924214015,Tier B - Activacion estandar,0
3684,0.5025681233566094,Tier B - Activacion estandar,0
3685,0.5386664311144014,Tier B - Activacion estandar,0
3686,0.4987568073403695,Tier B - Activacion estandar,0
3687,0.4909518676878506,Tier B - Activacion estandar,0
3688,0.555479431224047,Tier B - Activacion estandar,0
3689,0.5719678101950384,Tier B - Activacion estandar,0
3690,0.43841807443782066,Tier B - Activacion estandar,0
3691,0.5898310901510002,Tier B - Activacion estandar,1
3692,0.6380614381397605,Tier B - Activacion estandar,0
3693,0.49843297659989516,Tier B - Activacion estandar,1
3694,0.4511042976499298,Tier B - Activacion estandar,0
3695,0.46484457321561634,Tier B - Activacion estandar,0
3696,0.4790954081597287,Tier B - Activacion estandar,0
3697,0.5654858457228389,Tier B - Activacion estandar,0
3698,0.5073091555342738,Tier B - Activacion estandar,0
3699,0.6005552630883199,Tier B - Activacion estandar,0
3700,0.5500960579689096,Tier B - Activacion estandar,1
3701,0.5322367044966073,Tier B - Activacion estandar,0
3702,0.5029734804082568,Tier B - Activacion estandar,0
3703,0.5195583765502192,Tier B - Activacion estandar,0
3704,0.5351536723781871,Tier B - Activacion estandar,0
3705,0.3942635070499901,Tier C - Nurturing,0
3706,0.5491664090551361,Tier B - Activacion estandar,0
3707,0.5843503908713046,Tier B - Activacion estandar,0
3708,0.49314095740105157,Tier B - Activacion estandar,0
3709,0.5372838999363613,Tier B - Activacion estandar,0
3710,0.3847113408140446,Tier C - Nurturing,0
3711,0.5255455471666779,Tier B - Activacion estandar,0
3712,0.4628498153142291,Tier B - Activacion estandar,0
3713,0.49242624098587673,Tier B - Activacion estandar,1
3714,0.5516214261892562,Tier B - Activacion estandar,0
3715,0.35189422128899606,Tier C - Nurturing,0
3716,0.5503332701132878,Tier B - Activacion estandar,1
3717,0.481379205218031,Tier B - Activacion estandar,0
3718,0.47445104766459933,Tier B - Activacion estandar,0
3719,0.46258874138832046,Tier B - Activacion estandar,0
3720,0.5433420184440145,Tier B - Activacion estandar,0
3721,0.4039632526694836,Tier B - Activacion estandar,1
3722,0.5297609705423937,Tier B - Activacion estandar,1
3723,0.35658621652561123,Tier C - Nurturing,0
3724,0.44158505345112364,Tier B - Activacion estandar,0
3725,0.5139309062441306,Tier B - Activacion estandar,0
3726,0.6013921437489388,Tier B - Activacion estandar,0
3727,0.49239440320929617,Tier B - Activacion estandar,0
3728,0.40069532818083525,Tier B - Activacion estandar,1
3729,0.4601139084570572,Tier B - Activacion estandar,0
3730,0.4890556469415488,Tier B - Activacion estandar,0
3731,0.506201704860223,Tier B - Activacion estandar,0
3732,0.5434447436057459,Tier B - Activacion estandar,0
3733,0.5374335311239883,Tier B - Activacion estandar,0
3734,0.3632282007794533,Tier C - Nurturing,0
3735,0.47112604917100726,Tier B - Activacion estandar,0
3736,0.4177115497076625,Tier B - Activacion estandar,0
3737,0.4832738595895602,Tier B - Activacion estandar,0
3738,0.39477294435613786,Tier C - Nurturing,0
3739,0.5275707358407344,Tier B - Activacion estandar,1
3740,0.5681394960042148,Tier B - Activacion estandar,0
3741,0.5685800229672832,Tier B - Activacion estandar,0
3742,0.5973831546685824,Tier B - Activacion estandar,0
3743,0.4096536744230679,Tier B - Activacion estandar,0
3744,0.5201522153892728,Tier B - Activacion estandar,0
3745,0.47861725278487244,Tier B - Activacion estandar,0
3746,0.43316768258112237,Tier B - Activacion estandar,0
3747,0.5144095044585348,Tier B - Activacion estandar,1
3748,0.4942459066431758,Tier B - Activacion estandar,0
3749,0.5598639154900154,Tier B - Activacion estandar,0
3750,0.5225954057542997,Tier B - Activacion estandar,1
3751,0.5719802533837413,Tier B - Activacion estandar,0
3752,0.5512452663657456,Tier B - Activacion estandar,0
3753,0.5091761288534562,Tier B - Activacion estandar,0
3754,0.4850662838273068,Tier B - Activacion estandar,0
3755,0.43243420537030525,Tier B - Activacion estandar,0
3756,0.5508906469993619,Tier B - Activacion estandar,0
3757,0.4354128418900641,Tier B - Activacion estandar,1
3758,0.451800626114736,Tier B - Activacion estandar,0
3759,0.5445614890332925,Tier B - Activacion estandar,0
3760,0.4833707161976807,Tier B - Activacion estandar,0
3761,0.5049019799392565,Tier B - Activacion estandar,0
3762,0.539411198033863,Tier B - Activacion estandar,1
3763,0.532291550744161,Tier B - Activacion estandar,0
3764,0.4953583318267149,Tier B - Activacion estandar,0
3765,0.4940411589124656,Tier B - Activacion estandar,0
3766,0.5120179699676447,Tier B - Activacion estandar,0
3767,0.514351072056825,Tier B - Activacion estandar,0
3768,0.5223800954479515,Tier B - Activacion estandar,0
3769,0.545505730612043,Tier B - Activacion estandar,0
3770,0.4633002692749547,Tier B - Activacion estandar,0
3771,0.5999689343474229,Tier B - Activacion estandar,0
3772,0.5681884667678644,Tier B - Activacion estandar,0
3773,0.5269097391031112,Tier B - Activacion estandar,0
3774,0.4706199226863938,Tier B - Activacion estandar,0
3775,0.4753722245638178,Tier B - Activacion estandar,0
3776,0.5938560762880398,Tier B - Activacion estandar,0
3777,0.655205423897336,Tier B - Activacion estandar,0
3778,0.43919826883949886,Tier B - Activacion estandar,0
3779,0.4941474814531133,Tier B - Activacion estandar,0
3780,0.5562542582562753,Tier B - Activacion estandar,0
3781,0.40271405636967295,Tier B - Activacion estandar,0
3782,0.6235201311260438,Tier B - Activacion estandar,0
3783,0.5115212273248742,Tier B - Activacion estandar,0
3784,0.42068497971064406,Tier B - Activacion estandar,0
3785,0.49513684555670806,Tier B - Activacion estandar,0
3786,0.5386783714536348,Tier B - Activacion estandar,0
3787,0.4240624880812059,Tier B - Activacion estandar,0
3788,0.42423080438570676,Tier B - Activacion estandar,1
3789,0.48670510782849413,Tier B - Activacion estandar,0
3790,0.5255942687567867,Tier B - Activacion estandar,0
3791,0.3879971483845596,Tier C - Nurturing,1
3792,0.5217653435665316,Tier B - Activacion estandar,0
3793,0.5686222297515591,Tier B - Activacion estandar,1
3794,0.5409260543984952,Tier B - Activacion estandar,0
3795,0.4521460471102804,Tier B - Activacion estandar,0
3796,0.4731788798507484,Tier B - Activacion estandar,1
3797,0.4680989679093837,Tier B - Activacion estandar,0
3798,0.5776221175640541,Tier B - Activacion estandar,0
3799,0.506888523443137,Tier B - Activacion estandar,0
3800,0.5186604448513813,Tier B - Activacion estandar,1
3801,0.42120248897548584,Tier B - Activacion estandar,0
3802,0.395745193058966,Tier C - Nurturing,0
3803,0.4235689972704771,Tier B - Activacion estandar,0
3804,0.5082991373578781,Tier B - Activacion estandar,0
3805,0.5654372030496722,Tier B - Activacion estandar,0
3806,0.4905331801624097,Tier B - Activacion estandar,1
3807,0.34900222096137484,Tier C - Nurturing,0
3808,0.4537454062265308,Tier B - Activacion estandar,0
3809,0.47379255666045905,Tier B - Activacion estandar,0
3810,0.5004565852463436,Tier B - Activacion estandar,0
3811,0.47955834354670557,Tier B - Activacion estandar,0
3812,0.5101888424977192,Tier B - Activacion estandar,0
3813,0.4915604737518696,Tier B - Activacion estandar,0
3814,0.4602174784468054,Tier B - Activacion estandar,0
3815,0.4748310243676802,Tier B - Activacion estandar,1
3816,0.5476188263217817,Tier B - Activacion estandar,0
3817,0.49343203735266133,Tier B - Activacion estandar,0
3818,0.5603415014371481,Tier B - Activacion estandar,0
3819,0.4530957898857784,Tier B - Activacion estandar,0
3820,0.5636810008007217,Tier B - Activacion estandar,0
3821,0.5706553071048162,Tier B - Activacion estandar,0
3822,0.4569433479276598,Tier B - Activacion estandar,0
3823,0.45911227230467155,Tier B - Activacion estandar,0
3824,0.4757052360865354,Tier B - Activacion estandar,0
3825,0.5113315527388692,Tier B - Activacion estandar,0
3826,0.5158013390695916,Tier B - Activacion estandar,0
3827,0.4833001817216622,Tier B - Activacion estandar,0
3828,0.5725705410940368,Tier B - Activacion estandar,0
3829,0.4628531146896983,Tier B - Activacion estandar,0
3830,0.5882092827783518,Tier B - Activacion estandar,0
3831,0.44765293475779755,Tier B - Activacion estandar,0
3832,0.46533576076010885,Tier B - Activacion estandar,0
3833,0.5317258565225137,Tier B - Activacion estandar,0
3834,0.49600431553495805,Tier B - Activacion estandar,0
3835,0.42637294091416805,Tier B - Activacion estandar,0
3836,0.4619402290427457,Tier B - Activacion estandar,0
3837,0.4325355991404554,Tier B - Activacion estandar,0
3838,0.2890720019286176,Tier C - Nurturing,0
3839,0.5228044286730168,Tier B - Activacion estandar,0
3840,0.5368204047112862,Tier B - Activacion estandar,0
3841,0.532080378104673,Tier B - Activacion estandar,0
3842,0.34056186578923436,Tier C - Nurturing,1
3843,0.42748608008614697,Tier B - Activacion estandar,0
3844,0.524717099082659,Tier B - Activacion estandar,0
3845,0.48765700082375796,Tier B - Activacion estandar,0
3846,0.4602462740147585,Tier B - Activacion estandar,0
3847,0.41611819659660404,Tier B - Activacion estandar,0
3848,0.44858818738625766,Tier B - Activacion estandar,0
3849,0.45219595696433196,Tier B - Activacion estandar,0
3850,0.5835143588068985,Tier B - Activacion estandar,0
3851,0.5686124191096396,Tier B - Activacion estandar,0
3852,0.4364142956076587,Tier B - Activacion estandar,0
3853,0.5230850496647969,Tier B - Activacion estandar,0
3854,0.4873487899991176,Tier B - Activacion estandar,0
3855,0.5088279024182046,Tier B - Activacion estandar,0
3856,0.5380958304020748,Tier B - Activacion estandar,0
3857,0.585193145285844,Tier B - Activacion estandar,0
3858,0.5207267837954516,Tier B - Activacion estandar,0
3859,0.5827475967779064,Tier B - Activacion estandar,0
3860,0.5933866028838365,Tier B - Activacion estandar,0
3861,0.5210276453640795,Tier B - Activacion estandar,1
3862,0.49445659403046544,Tier B - Activacion estandar,0
3863,0.556940886469895,Tier B - Activacion estandar,0
3864,0.5222437863073328,Tier B - Activacion estandar,0
3865,0.5090886163983231,Tier B - Activacion estandar,0
3866,0.5108619491066365,Tier B - Activacion estandar,0
3867,0.449044474368306,Tier B - Activacion estandar,0
3868,0.5174820883244011,Tier B - Activacion estandar,0
3869,0.4374063088184749,Tier B - Activacion estandar,1
3870,0.5080277022880652,Tier B - Activacion estandar,0
3871,0.3301256216549526,Tier C - Nurturing,0
3872,0.6038207309602842,Tier B - Activacion estandar,0
3873,0.5047363044767299,Tier B - Activacion estandar,0
3874,0.5354288990332157,Tier B - Activacion estandar,0
3875,0.46157554582219934,Tier B - Activacion estandar,0
3876,0.5772166659235133,Tier B - Activacion estandar,1
3877,0.50329505504689,Tier B - Activacion estandar,0
3878,0.39530976727519823,Tier C - Nurturing,0
3879,0.28634315137905597,Tier C - Nurturing,0
3880,0.5306584636125045,Tier B - Activacion estandar,1
3881,0.5324695094092874,Tier B - Activacion estandar,0
3882,0.5671207931217511,Tier B - Activacion estandar,0
3883,0.5632411965275703,Tier B - Activacion estandar,0
3884,0.47306960913765184,Tier B - Activacion estandar,0
3885,0.477963790146636,Tier B - Activacion estandar,0
3886,0.532911967337017,Tier B - Activacion estandar,0
3887,0.5267071569567815,Tier B - Activacion estandar,0
3888,0.5397282063758566,Tier B - Activacion estandar,0
3889,0.539438680700186,Tier B - Activacion estandar,0
3890,0.4684841110451984,Tier B - Activacion estandar,0
3891,0.4872352759793601,Tier B - Activacion estandar,0
3892,0.45842074966455976,Tier B - Activacion estandar,0
3893,0.5288432357296151,Tier B - Activacion estandar,0
3894,0.4035302579898058,Tier B - Activacion estandar,0
3895,0.5296844893715117,Tier B - Activacion estandar,0
3896,0.5140460897834814,Tier B - Activacion estandar,0
3897,0.615955249507388,Tier B - Activacion estandar,0
3898,0.5680935939504302,Tier B - Activacion estandar,0
3899,0.5442762896737925,Tier B - Activacion estandar,1
3900,0.5547520170399494,Tier B - Activacion estandar,0
3901,0.45909040015152586,Tier B - Activacion estandar,0
3902,0.5614972959404574,Tier B - Activacion estandar,0
3903,0.5348610380828898,Tier B - Activacion estandar,0
3904,0.5903835173569393,Tier B - Activacion estandar,0
3905,0.4274221682852261,Tier B - Activacion estandar,0
3906,0.4587116796096491,Tier B - Activacion estandar,0
3907,0.5742853363154502,Tier B - Activacion estandar,0
3908,0.425849068164864,Tier B - Activacion estandar,0
3909,0.40615583415515516,Tier B - Activacion estandar,0
3910,0.5664912050120113,Tier B - Activacion estandar,0
3911,0.4641083405946319,Tier B - Activacion estandar,0
3912,0.5095728034534549,Tier B - Activacion estandar,0
3913,0.5838391426722427,Tier B - Activacion estandar,0
3914,0.5381813592029762,Tier B - Activacion estandar,1
3915,0.543592701844486,Tier B - Activacion estandar,1
3916,0.5185511288819037,Tier B - Activacion estandar,0
3917,0.6131263710753919,Tier B - Activacion estandar,0
3918,0.527048512074569,Tier B - Activacion estandar,0
3919,0.5919929671637473,Tier B - Activacion estandar,0
3920,0.5476209770676721,Tier B - Activacion estandar,0
3921,0.46898558289327535,Tier B - Activacion estandar,0
3922,0.5203503443835789,Tier B - Activacion estandar,0
3923,0.5931811118067642,Tier B - Activacion estandar,0
3924,0.5467557612115327,Tier B - Activacion estandar,0
3925,0.48923256306240037,Tier B - Activacion estandar,0
3926,0.5544136689489884,Tier B - Activacion estandar,0
3927,0.5382326048580396,Tier B - Activacion estandar,0
3928,0.6010822054083191,Tier B - Activacion estandar,0
3929,0.5617783473491745,Tier B - Activacion estandar,0
3930,0.6098923926499281,Tier B - Activacion estandar,0
3931,0.4813654194859176,Tier B - Activacion estandar,0
3932,0.43617604232337137,Tier B - Activacion estandar,0
3933,0.5161383575261392,Tier B - Activacion estandar,0
3934,0.5322431250099529,Tier B - Activacion estandar,0
3935,0.4430697090823222,Tier B - Activacion estandar,0
3936,0.48711738250870656,Tier B - Activacion estandar,0
3937,0.5004768617112016,Tier B - Activacion estandar,0
3938,0.5495537068663869,Tier B - Activacion estandar,1
3939,0.4053242015503826,Tier B - Activacion estandar,0
3940,0.5552942960790982,Tier B - Activacion estandar,0
3941,0.5184066294454169,Tier B - Activacion estandar,0
3942,0.5571814587585089,Tier B - Activacion estandar,0
3943,0.5960668462924357,Tier B - Activacion estandar,0
3944,0.5516026178992679,Tier B - Activacion estandar,0
3945,0.45086684831497953,Tier B - Activacion estandar,0
3946,0.4588035473343241,Tier B - Activacion estandar,0
3947,0.533794739986555,Tier B - Activacion estandar,0
3948,0.5747052482652892,Tier B - Activacion estandar,1
3949,0.5685649628519047,Tier B - Activacion estandar,0
3950,0.4866271163455815,Tier B - Activacion estandar,0
3951,0.4619409130865931,Tier B - Activacion estandar,0
3952,0.44176655998542624,Tier B - Activacion estandar,0
3953,0.4946015464939763,Tier B - Activacion estandar,0
3954,0.4895592126139095,Tier B - Activacion estandar,0
3955,0.40784506272900733,Tier B - Activacion estandar,0
3956,0.4064925585319884,Tier B - Activacion estandar,0
3957,0.5530246189288134,Tier B - Activacion estandar,0
3958,0.5536822890829799,Tier B - Activacion estandar,0
3959,0.43126949952063487,Tier B - Activacion estandar,0
3960,0.47201972152457233,Tier B - Activacion estandar,0
3961,0.49636820904588114,Tier B - Activacion estandar,0
3962,0.44792972384805013,Tier B - Activacion estandar,0
3963,0.4632127539296547,Tier B - Activacion estandar,0
3964,0.48430659607793186,Tier B - Activacion estandar,0
3965,0.5381116026657471,Tier B - Activacion estandar,0
3966,0.5235502476914055,Tier B - Activacion estandar,0
3967,0.5433777427471608,Tier B - Activacion estandar,0
3968,0.6202093263705678,Tier B - Activacion estandar,0
3969,0.5206106333726408,Tier B - Activacion estandar,1
3970,0.2965976573097882,Tier C - Nurturing,0
3971,0.5031090485279405,Tier B - Activacion estandar,0
3972,0.47664421485223396,Tier B - Activacion estandar,0
3973,0.5524393036847762,Tier B - Activacion estandar,0
3974,0.5450610269869128,Tier B - Activacion estandar,0
3975,0.5132964846806783,Tier B - Activacion estandar,0
3976,0.5310529607617643,Tier B - Activacion estandar,0
3977,0.4521505945194497,Tier B - Activacion estandar,0
3978,0.5467752461067381,Tier B - Activacion estandar,0
3979,0.633289159573731,Tier B - Activacion estandar,0
3980,0.5286399101733233,Tier B - Activacion estandar,0
3981,0.47276854390544704,Tier B - Activacion estandar,0
3982,0.44902607389528515,Tier B - Activacion estandar,0
3983,0.47629181868643594,Tier B - Activacion estandar,0
3984,0.5230419712353667,Tier B - Activacion estandar,0
3985,0.40637725671284003,Tier B - Activacion estandar,0
3986,0.5944502714014207,Tier B - Activacion estandar,0
3987,0.5962591181840432,Tier B - Activacion estandar,1
3988,0.4469997542349894,Tier B - Activacion estandar,1
3989,0.5146113798544452,Tier B - Activacion estandar,0
3990,0.6155778619074685,Tier B - Activacion estandar,0
3991,0.5624464023219333,Tier B - Activacion estandar,0
3992,0.5893785646335636,Tier B - Activacion estandar,0
3993,0.43248376826724566,Tier B - Activacion estandar,0
3994,0.5477952806803941,Tier B - Activacion estandar,0
3995,0.5599970508315675,Tier B - Activacion estandar,0
3996,0.4651968886118091,Tier B - Activacion estandar,0
3997,0.5539601830630523,Tier B - Activacion estandar,0
3998,0.5507318160859158,Tier B - Activacion estandar,0
3999,0.6282030063349703,Tier B - Activacion estandar,0
4000,0.5438773934554917,Tier B - Activacion estandar,0
4001,0.5595599959883573,Tier B - Activacion estandar,0
4002,0.4590177428254786,Tier B - Activacion estandar,0
4003,0.48340663588330246,Tier B - Activacion estandar,0
4004,0.5113670063069962,Tier B - Activacion estandar,0
4005,0.5190208654378256,Tier B - Activacion estandar,0
4006,0.5337749753179686,Tier B - Activacion estandar,0
4007,0.6036731511188868,Tier B - Activacion estandar,0
4008,0.543636766107408,Tier B - Activacion estandar,0
4009,0.4955600869172766,Tier B - Activacion estandar,0
4010,0.6384371399829847,Tier B - Activacion estandar,1
4011,0.5159621022477848,Tier B - Activacion estandar,1
4012,0.49533782379945834,Tier B - Activacion estandar,1
4013,0.37502955728284076,Tier C - Nurturing,0
4014,0.6649785291621235,Tier B - Activacion estandar,0
4015,0.5651059004498604,Tier B - Activacion estandar,0
4016,0.4487413258441729,Tier B - Activacion estandar,0
4017,0.5158157180347025,Tier B - Activacion estandar,0
4018,0.6141713594226336,Tier B - Activacion estandar,0
4019,0.3493096709481719,Tier C - Nurturing,0
4020,0.512760525618801,Tier B - Activacion estandar,0
4021,0.620040963209074,Tier B - Activacion estandar,0
4022,0.5509557553962338,Tier B - Activacion estandar,0
4023,0.348122044496116,Tier C - Nurturing,0
4024,0.4975972579683094,Tier B - Activacion estandar,0
4025,0.4347983468711195,Tier B - Activacion estandar,0
4026,0.4888655562931846,Tier B - Activacion estandar,0
4027,0.42202346489788023,Tier B - Activacion estandar,0
4028,0.2869931712474347,Tier C - Nurturing,0
4029,0.4715955168649119,Tier B - Activacion estandar,0
4030,0.538576652278167,Tier B - Activacion estandar,0
4031,0.5641312048518333,Tier B - Activacion estandar,0
4032,0.5279766970537041,Tier B - Activacion estandar,0
4033,0.5020094360418949,Tier B - Activacion estandar,0
4034,0.5190001728339879,Tier B - Activacion estandar,0
4035,0.4085279934095346,Tier B - Activacion estandar,0
4036,0.5905751252615022,Tier B - Activacion estandar,0
4037,0.5136302376099504,Tier B - Activacion estandar,0
4038,0.483389969531657,Tier B - Activacion estandar,1
4039,0.4000547270286209,Tier B - Activacion estandar,0
4040,0.5672575678121928,Tier B - Activacion estandar,0
4041,0.5481563006191691,Tier B - Activacion estandar,0
4042,0.44321764526707136,Tier B - Activacion estandar,1
4043,0.5210264438254048,Tier B - Activacion estandar,0
4044,0.5822904957903683,Tier B - Activacion estandar,0
4045,0.4925743043482348,Tier B - Activacion estandar,0
4046,0.5252453347207197,Tier B - Activacion estandar,1
4047,0.6023886412615815,Tier B - Activacion estandar,1
4048,0.5978917061365356,Tier B - Activacion estandar,0
4049,0.44603476238933437,Tier B - Activacion estandar,0
4050,0.5551448050448164,Tier B - Activacion estandar,0
4051,0.3951922770345578,Tier C - Nurturing,0
4052,0.49786697967881316,Tier B - Activacion estandar,0
4053,0.4866509909132686,Tier B - Activacion estandar,0
4054,0.46973141762370546,Tier B - Activacion estandar,0
4055,0.5580764080502307,Tier B - Activacion estandar,0
4056,0.5390452843505354,Tier B - Activacion estandar,0
4057,0.5733124009291208,Tier B - Activacion estandar,0
4058,0.4997353974443342,Tier B - Activacion estandar,0
4059,0.46931065752265144,Tier B - Activacion estandar,1
4060,0.5170207384412909,Tier B - Activacion estandar,1
4061,0.5008039565638023,Tier B - Activacion estandar,0
4062,0.5017943139549417,Tier B - Activacion estandar,0
4063,0.5423227472369543,Tier B - Activacion estandar,0
4064,0.48738174429341696,Tier B - Activacion estandar,0
4065,0.5077316185190794,Tier B - Activacion estandar,0
4066,0.4889709054234184,Tier B - Activacion estandar,0
4067,0.6538116755839332,Tier B - Activacion estandar,0
4068,0.5129710794454587,Tier B - Activacion estandar,0
4069,0.6411716251530415,Tier B - Activacion estandar,1
4070,0.6013171563560925,Tier B - Activacion estandar,0
4071,0.5427046474487721,Tier B - Activacion estandar,0
4072,0.5692195473961781,Tier B - Activacion estandar,1
4073,0.35656441007503714,Tier C - Nurturing,0
4074,0.4909017106743613,Tier B - Activacion estandar,0
4075,0.46272778696018296,Tier B - Activacion estandar,0
4076,0.5326634058058707,Tier B - Activacion estandar,0
4077,0.2838981818173887,Tier C - Nurturing,1
4078,0.512959585850848,Tier B - Activacion estandar,0
4079,0.5500406087880853,Tier B - Activacion estandar,0
4080,0.4728804183129741,Tier B - Activacion estandar,0
4081,0.5758484009837194,Tier B - Activacion estandar,1
4082,0.48653149523098604,Tier B - Activacion estandar,0
4083,0.4358016134690573,Tier B - Activacion estandar,1
4084,0.34886901811491156,Tier C - Nurturing,0
4085,0.4246642544041357,Tier B - Activacion estandar,0
4086,0.5414533907515129,Tier B - Activacion estandar,0
4087,0.6405178844296251,Tier B - Activacion estandar,0
4088,0.574705098787711,Tier B - Activacion estandar,0
4089,0.6107036753766525,Tier B - Activacion estandar,0
4090,0.40154605735777704,Tier B - Activacion estandar,0
4091,0.4440926685367537,Tier B - Activacion estandar,1
4092,0.5182402588340572,Tier B - Activacion estandar,0
4093,0.5462001995708442,Tier B - Activacion estandar,0
4094,0.5620497003777256,Tier B - Activacion estandar,1
4095,0.5337345494347868,Tier B - Activacion estandar,0
4096,0.5819924946466507,Tier B - Activacion estandar,1
4097,0.4979168427703724,Tier B - Activacion estandar,0
4098,0.42183357729811105,Tier B - Activacion estandar,0
4099,0.5285866277178279,Tier B - Activacion estandar,1
4100,0.5691771268134316,Tier B - Activacion estandar,0
4101,0.6210054714591969,Tier B - Activacion estandar,0
4102,0.6346201317379649,Tier B - Activacion estandar,1
4103,0.5080442795320484,Tier B - Activacion estandar,1
4104,0.5174003367326658,Tier B - Activacion estandar,0
4105,0.4627285721485661,Tier B - Activacion estandar,0
4106,0.5594007081981964,Tier B - Activacion estandar,1
4107,0.5229028521022764,Tier B - Activacion estandar,0
4108,0.45889998842501667,Tier B - Activacion estandar,0
4109,0.5315014207488157,Tier B - Activacion estandar,0
4110,0.5247040612002358,Tier B - Activacion estandar,1
4111,0.3904675633749184,Tier C - Nurturing,0
4112,0.5202955392853627,Tier B - Activacion estandar,1
4113,0.5511255796557158,Tier B - Activacion estandar,0
4114,0.5815865608209229,Tier B - Activacion estandar,1
4115,0.4594002787577398,Tier B - Activacion estandar,0
4116,0.2933291077271482,Tier C - Nurturing,0
4117,0.5210046311607464,Tier B - Activacion estandar,0
4118,0.5616348690450603,Tier B - Activacion estandar,0
4119,0.5642449768038125,Tier B - Activacion estandar,0
4120,0.5470966932922038,Tier B - Activacion estandar,1
4121,0.5371503692964789,Tier B - Activacion estandar,0
4122,0.5353046474982706,Tier B - Activacion estandar,1
4123,0.43502250677584364,Tier B - Activacion estandar,0
4124,0.4326453095251669,Tier B - Activacion estandar,1
4125,0.6029646104418154,Tier B - Activacion estandar,0
4126,0.5533180033269446,Tier B - Activacion estandar,1
4127,0.47835150281324446,Tier B - Activacion estandar,0
4128,0.4592214939480704,Tier B - Activacion estandar,0
4129,0.4402494070987115,Tier B - Activacion estandar,0
4130,0.44125777663466914,Tier B - Activacion estandar,0
4131,0.5619390064356963,Tier B - Activacion estandar,0
4132,0.5162183745098294,Tier B - Activacion estandar,0
4133,0.5359946328300655,Tier B - Activacion estandar,0
4134,0.4643156627059379,Tier B - Activacion estandar,0
4135,0.5476516341155562,Tier B - Activacion estandar,0
4136,0.4877814029316769,Tier B - Activacion estandar,0
4137,0.579835480342206,Tier B - Activacion estandar,0
4138,0.48278996903703,Tier B - Activacion estandar,0
4139,0.5562343350084938,Tier B - Activacion estandar,0
4140,0.45215201159419227,Tier B - Activacion estandar,0
4141,0.5028137007789663,Tier B - Activacion estandar,0
4142,0.46551687385359586,Tier B - Activacion estandar,0
4143,0.4976410848983465,Tier B - Activacion estandar,0
4144,0.5591224637332147,Tier B - Activacion estandar,0
4145,0.3749145404609791,Tier C - Nurturing,0
4146,0.4235681217825605,Tier B - Activacion estandar,0
4147,0.5726159764993655,Tier B - Activacion estandar,1
4148,0.5187780808451792,Tier B - Activacion estandar,0
4149,0.7467041999898795,Tier A - Activacion premium,1
4150,0.4296841042836788,Tier B - Activacion estandar,0
4151,0.37080079624125295,Tier C - Nurturing,1
4152,0.6567837057830722,Tier B - Activacion estandar,0
4153,0.48236206896106604,Tier B - Activacion estandar,0
4154,0.4951145161867434,Tier B - Activacion estandar,0
4155,0.5399022019851154,Tier B - Activacion estandar,0
4156,0.630150065911172,Tier B - Activacion estandar,1
4157,0.5672652529326714,Tier B - Activacion estandar,0
4158,0.3934012263156874,Tier C - Nurturing,0
4159,0.6306479815846291,Tier B - Activacion estandar,0
4160,0.43101286949383,Tier B - Activacion estandar,0
4161,0.5603132966135482,Tier B - Activacion estandar,0
4162,0.4998958946233795,Tier B - Activacion estandar,1
4163,0.49899238443064853,Tier B - Activacion estandar,0
4164,0.5298842371193322,Tier B - Activacion estandar,0
4165,0.562203660216266,Tier B - Activacion estandar,0
4166,0.42611852434602315,Tier B - Activacion estandar,0
4167,0.5372281837286986,Tier B - Activacion estandar,1
4168,0.49969474695284033,Tier B - Activacion estandar,0
4169,0.5335871867150909,Tier B - Activacion estandar,0
4170,0.4336270390091664,Tier B - Activacion estandar,0
4171,0.5476321109477778,Tier B - Activacion estandar,0
4172,0.5096983266904669,Tier B - Activacion estandar,0
4173,0.49417727562040276,Tier B - Activacion estandar,1
4174,0.3789340100549929,Tier C - Nurturing,0
4175,0.5962037581105668,Tier B - Activacion estandar,0
4176,0.4755296549121718,Tier B - Activacion estandar,0
4177,0.5065192642127352,Tier B - Activacion estandar,1
4178,0.5409561924946238,Tier B - Activacion estandar,1
4179,0.48298873845536816,Tier B - Activacion estandar,0
4180,0.5411340754128823,Tier B - Activacion estandar,0
4181,0.4673655027173804,Tier B - Activacion estandar,0
4182,0.5380095230679572,Tier B - Activacion estandar,0
4183,0.45219724665310246,Tier B - Activacion estandar,0
4184,0.5102375251786567,Tier B - Activacion estandar,1
4185,0.5285832126044935,Tier B - Activacion estandar,0
4186,0.5379950294210523,Tier B - Activacion estandar,1
4187,0.5529746965256623,Tier B - Activacion estandar,1
4188,0.5146724160456269,Tier B - Activacion estandar,0
4189,0.5391161429720257,Tier B - Activacion estandar,0
4190,0.500310779064615,Tier B - Activacion estandar,0
4191,0.4747711813540883,Tier B - Activacion estandar,0
4192,0.5278476773950344,Tier B - Activacion estandar,0
4193,0.5356198705575002,Tier B - Activacion estandar,0
4194,0.47711837064663276,Tier B - Activacion estandar,1
4195,0.46535599487752977,Tier B - Activacion estandar,0
4196,0.4520057245261056,Tier B - Activacion estandar,0
4197,0.43030757740280057,Tier B - Activacion estandar,0
4198,0.35473972978868185,Tier C - Nurturing,1
4199,0.3098604166138324,Tier C - Nurturing,1
4200,0.43953114178529895,Tier B - Activacion estandar,0
4201,0.5318290170284975,Tier B - Activacion estandar,0
4202,0.5940473120860091,Tier B - Activacion estandar,0
4203,0.5052767716274953,Tier B - Activacion estandar,0
4204,0.626345431476102,Tier B - Activacion estandar,0
4205,0.5432854618275379,Tier B - Activacion estandar,0
4206,0.49603366792909864,Tier B - Activacion estandar,0
4207,0.5278278181138194,Tier B - Activacion estandar,0
4208,0.5188566406534875,Tier B - Activacion estandar,0
4209,0.497780017479065,Tier B - Activacion estandar,0
4210,0.45168618920544296,Tier B - Activacion estandar,1
4211,0.47092174900370337,Tier B - Activacion estandar,0
4212,0.45705784227154417,Tier B - Activacion estandar,0
4213,0.5187755042246787,Tier B - Activacion estandar,0
4214,0.46314810783727767,Tier B - Activacion estandar,0
4215,0.5123710373988449,Tier B - Activacion estandar,0
4216,0.5143409049665318,Tier B - Activacion estandar,0
4217,0.5142013561237413,Tier B - Activacion estandar,0
4218,0.5040396971510962,Tier B - Activacion estandar,0
4219,0.5171049893271931,Tier B - Activacion estandar,0
4220,0.4714735870401235,Tier B - Activacion estandar,0
4221,0.5849829853133999,Tier B - Activacion estandar,0
4222,0.4721019246076169,Tier B - Activacion estandar,0
4223,0.43845077225851337,Tier B - Activacion estandar,1
4224,0.4803192473377907,Tier B - Activacion estandar,0
4225,0.5316691636026725,Tier B - Activacion estandar,0
4226,0.42523344042191596,Tier B - Activacion estandar,0
4227,0.5917107518714587,Tier B - Activacion estandar,0
4228,0.5393068617490826,Tier B - Activacion estandar,0
4229,0.5513980685040589,Tier B - Activacion estandar,0
4230,0.524429104809715,Tier B - Activacion estandar,1
4231,0.5351521246324057,Tier B - Activacion estandar,0
4232,0.46414801256103866,Tier B - Activacion estandar,0
4233,0.5515679153678198,Tier B - Activacion estandar,0
4234,0.45432175064300256,Tier B - Activacion estandar,0
4235,0.4659200723080284,Tier B - Activacion estandar,0
4236,0.5605165418727036,Tier B - Activacion estandar,0
4237,0.5074537888686125,Tier B - Activacion estandar,0
4238,0.5181780569033079,Tier B - Activacion estandar,0
4239,0.6020638507468726,Tier B - Activacion estandar,0
4240,0.562794108012184,Tier B - Activacion estandar,0
4241,0.5966992410791916,Tier B - Activacion estandar,0
4242,0.533147528808911,Tier B - Activacion estandar,0
4243,0.42122939197313697,Tier B - Activacion estandar,0
4244,0.5687272566369188,Tier B - Activacion estandar,0
4245,0.4837254131600952,Tier B - Activacion estandar,0
4246,0.588775044473545,Tier B - Activacion estandar,0
4247,0.5267469462470963,Tier B - Activacion estandar,1
4248,0.5909724962757068,Tier B - Activacion estandar,0
4249,0.6680292337251597,Tier B - Activacion estandar,1
4250,0.6792521354277549,Tier B - Activacion estandar,0
4251,0.4873221534290888,Tier B - Activacion estandar,0
4252,0.49665971945200477,Tier B - Activacion estandar,0
4253,0.5128193912812558,Tier B - Activacion estandar,1
4254,0.5484627579319139,Tier B - Activacion estandar,0
4255,0.4935320503601275,Tier B - Activacion estandar,0
4256,0.5561496216507703,Tier B - Activacion estandar,0
4257,0.560568996177989,Tier B - Activacion estandar,0
4258,0.532370384398525,Tier B - Activacion estandar,0
4259,0.5011650089651831,Tier B - Activacion estandar,0
4260,0.5099114981104267,Tier B - Activacion estandar,0
4261,0.5030914109682912,Tier B - Activacion estandar,0
4262,0.5064023422215629,Tier B - Activacion estandar,0
4263,0.5047167460604607,Tier B - Activacion estandar,0
4264,0.5383150025560047,Tier B - Activacion estandar,0
4265,0.5586539279046322,Tier B - Activacion estandar,0
4266,0.49070651895149037,Tier B - Activacion estandar,0
4267,0.4692846914402055,Tier B - Activacion estandar,1
4268,0.440675118079196,Tier B - Activacion estandar,0
4269,0.5102145104925437,Tier B - Activacion estandar,0
4270,0.44184371158402985,Tier B - Activacion estandar,1
4271,0.4858150457153661,Tier B - Activacion estandar,0
4272,0.4677580343051321,Tier B - Activacion estandar,0
4273,0.5015241207233124,Tier B - Activacion estandar,0
4274,0.5760378960475571,Tier B - Activacion estandar,0
4275,0.4953904312429072,Tier B - Activacion estandar,1
4276,0.5146739027204018,Tier B - Activacion estandar,0
4277,0.44269246860896216,Tier B - Activacion estandar,0
4278,0.4939881121358572,Tier B - Activacion estandar,0
4279,0.44167858799308757,Tier B - Activacion estandar,0
4280,0.4284167739775526,Tier B - Activacion estandar,0
4281,0.47085088789284696,Tier B - Activacion estandar,0
4282,0.47558387234392474,Tier B - Activacion estandar,0
4283,0.49477179356565737,Tier B - Activacion estandar,1
4284,0.6192654134582867,Tier B - Activacion estandar,1
4285,0.5723613417294683,Tier B - Activacion estandar,0
4286,0.5396944721522259,Tier B - Activacion estandar,1
4287,0.544421110065578,Tier B - Activacion estandar,1
4288,0.49195913140970904,Tier B - Activacion estandar,1
4289,0.5453185597414989,Tier B - Activacion estandar,0
4290,0.582770772304898,Tier B - Activacion estandar,0
4291,0.4509742789578325,Tier B - Activacion estandar,0
4292,0.4993754354662354,Tier B - Activacion estandar,0
4293,0.5120530743985389,Tier B - Activacion estandar,0
4294,0.46984824026919386,Tier B - Activacion estandar,0
4295,0.5504150865219559,Tier B - Activacion estandar,0
4296,0.5375249928877077,Tier B - Activacion estandar,0
4297,0.5715787672682318,Tier B - Activacion estandar,0
4298,0.5776678287444034,Tier B - Activacion estandar,1
4299,0.4130821398109512,Tier B - Activacion estandar,0
4300,0.5001829788058157,Tier B - Activacion estandar,0
4301,0.43961705188251937,Tier B - Activacion estandar,0
4302,0.43094186486981884,Tier B - Activacion estandar,0
4303,0.6002656344606861,Tier B - Activacion estandar,1
4304,0.447371589412794,Tier B - Activacion estandar,0
4305,0.5186674863981927,Tier B - Activacion estandar,0
4306,0.4341678923351694,Tier B - Activacion estandar,0
4307,0.460939565151118,Tier B - Activacion estandar,0
4308,0.5526366794291255,Tier B - Activacion estandar,0
4309,0.5370822044605236,Tier B - Activacion estandar,0
4310,0.37982765525247275,Tier C - Nurturing,0
4311,0.4402667141487291,Tier B - Activacion estandar,1
4312,0.48509732844233955,Tier B - Activacion estandar,0
4313,0.5029316352896454,Tier B - Activacion estandar,0
4314,0.44688928278535667,Tier B - Activacion estandar,0
4315,0.33918118222393595,Tier C - Nurturing,0
4316,0.43128559719112836,Tier B - Activacion estandar,0
4317,0.5159897184794675,Tier B - Activacion estandar,0
4318,0.4470905005111138,Tier B - Activacion estandar,0
4319,0.4659273539068449,Tier B - Activacion estandar,0
4320,0.5416683139410494,Tier B - Activacion estandar,0
4321,0.4893423229153227,Tier B - Activacion estandar,0
4322,0.4405922294153362,Tier B - Activacion estandar,0
4323,0.48218026792115853,Tier B - Activacion estandar,0
4324,0.5209156035384678,Tier B - Activacion estandar,0
4325,0.5544907910200344,Tier B - Activacion estandar,1
4326,0.5653619138226312,Tier B - Activacion estandar,1
4327,0.4613828430592869,Tier B - Activacion estandar,0
4328,0.5759337740461795,Tier B - Activacion estandar,0
4329,0.5144950135721691,Tier B - Activacion estandar,0
4330,0.4867327862264167,Tier B - Activacion estandar,0
4331,0.51391700552193,Tier B - Activacion estandar,0
4332,0.42185160563744273,Tier B - Activacion estandar,0
4333,0.5121651028299943,Tier B - Activacion estandar,0
4334,0.3529609715295232,Tier C - Nurturing,0
4335,0.6241370508360664,Tier B - Activacion estandar,1
4336,0.5257179638219573,Tier B - Activacion estandar,0
4337,0.5138301063740311,Tier B - Activacion estandar,0
4338,0.4445045888227159,Tier B - Activacion estandar,0
4339,0.45537904727062234,Tier B - Activacion estandar,0
4340,0.4955819397044375,Tier B - Activacion estandar,0
4341,0.5175096758646901,Tier B - Activacion estandar,0
4342,0.47862186180882205,Tier B - Activacion estandar,1
4343,0.5340788195751897,Tier B - Activacion estandar,1
4344,0.42039011777861474,Tier B - Activacion estandar,0
4345,0.48586434572069165,Tier B - Activacion estandar,0
4346,0.49466241472316136,Tier B - Activacion estandar,0
4347,0.6003304417255978,Tier B - Activacion estandar,1
4348,0.4146038068110236,Tier B - Activacion estandar,0
4349,0.427069655454421,Tier B - Activacion estandar,1
4350,0.4920185186891627,Tier B - Activacion estandar,0
4351,0.46379520533622154,Tier B - Activacion estandar,0
4352,0.4959152552182935,Tier B - Activacion estandar,0
4353,0.5669131868757604,Tier B - Activacion estandar,0
4354,0.4599487921468458,Tier B - Activacion estandar,0
4355,0.49778220709119675,Tier B - Activacion estandar,0
4356,0.6078516586471984,Tier B - Activacion estandar,1
4357,0.6130832281812995,Tier B - Activacion estandar,0
4358,0.4924784190062538,Tier B - Activacion estandar,0
4359,0.39688835133608596,Tier C - Nurturing,0
4360,0.5001036089099862,Tier B - Activacion estandar,0
4361,0.5096391931640234,Tier B - Activacion estandar,1
4362,0.4745174110389397,Tier B - Activacion estandar,0
4363,0.38621676207829053,Tier C - Nurturing,0
4364,0.48613801287632646,Tier B - Activacion estandar,0
4365,0.5278374182253629,Tier B - Activacion estandar,0
4366,0.3737903395154658,Tier C - Nurturing,0
4367,0.48268079761290783,Tier B - Activacion estandar,0
4368,0.308410627232435,Tier C - Nurturing,1
4369,0.5545626589500623,Tier B - Activacion estandar,1
4370,0.45666316201196694,Tier B - Activacion estandar,0
4371,0.4837111595982812,Tier B - Activacion estandar,0
4372,0.5960003050545722,Tier B - Activacion estandar,0
4373,0.5728146028365233,Tier B - Activacion estandar,0
4374,0.4909497114317625,Tier B - Activacion estandar,0
4375,0.49100773834161465,Tier B - Activacion estandar,0
4376,0.45589225083915325,Tier B - Activacion estandar,0
4377,0.5920137057812009,Tier B - Activacion estandar,0
4378,0.5991595394547397,Tier B - Activacion estandar,0
4379,0.49111648393515017,Tier B - Activacion estandar,0
4380,0.4285420755480743,Tier B - Activacion estandar,0
4381,0.6085192219806524,Tier B - Activacion estandar,0
4382,0.6157058730210715,Tier B - Activacion estandar,1
4383,0.43070235620697145,Tier B - Activacion estandar,0
4384,0.4419542743218137,Tier B - Activacion estandar,0
4385,0.5402218254560972,Tier B - Activacion estandar,1
4386,0.5643112472157954,Tier B - Activacion estandar,0
4387,0.5586215532086056,Tier B - Activacion estandar,0
4388,0.4315637223651451,Tier B - Activacion estandar,0
4389,0.5921801050811193,Tier B - Activacion estandar,1
4390,0.4457909292468574,Tier B - Activacion estandar,0
4391,0.46980226442179257,Tier B - Activacion estandar,0
4392,0.5488082894192504,Tier B - Activacion estandar,0
4393,0.5342045680766777,Tier B - Activacion estandar,0
4394,0.6254609156061705,Tier B - Activacion estandar,0
4395,0.4331413953493201,Tier B - Activacion estandar,0
4396,0.5363364510618075,Tier B - Activacion estandar,0
4397,0.43127040431527364,Tier B - Activacion estandar,1
4398,0.5073497148459013,Tier B - Activacion estandar,0
4399,0.48393221551965493,Tier B - Activacion estandar,0
4400,0.46080988223442126,Tier B - Activacion estandar,0
4401,0.49036703071065335,Tier B - Activacion estandar,0
4402,0.5742778415611492,Tier B - Activacion estandar,0
4403,0.4895324442651365,Tier B - Activacion estandar,0
4404,0.4241407825637425,Tier B - Activacion estandar,0
4405,0.5022148464945465,Tier B - Activacion estandar,1
4406,0.33872230979409124,Tier C - Nurturing,0
4407,0.5154968294103,Tier B - Activacion estandar,1
4408,0.4555782587449667,Tier B - Activacion estandar,0
4409,0.47460624715982463,Tier B - Activacion estandar,0
4410,0.36141443068841095,Tier C - Nurturing,0
4411,0.5190603154937988,Tier B - Activacion estandar,1
4412,0.4436753158472279,Tier B - Activacion estandar,0
4413,0.4383171812800236,Tier B - Activacion estandar,0
4414,0.4110998469359745,Tier B - Activacion estandar,0
4415,0.5227583494797661,Tier B - Activacion estandar,0
4416,0.5480781714039759,Tier B - Activacion estandar,0
4417,0.5702676408821739,Tier B - Activacion estandar,0
4418,0.5813826785854057,Tier B - Activacion estandar,1
4419,0.4843484388592578,Tier B - Activacion estandar,1
4420,0.5015288789859209,Tier B - Activacion estandar,0
4421,0.5837271481295109,Tier B - Activacion estandar,1
4422,0.5210207696711704,Tier B - Activacion estandar,0
4423,0.537222063221146,Tier B - Activacion estandar,0
4424,0.3333723291873587,Tier C - Nurturing,0
4425,0.43518670816281774,Tier B - Activacion estandar,0
4426,0.4321735470515824,Tier B - Activacion estandar,0
4427,0.4421095446270679,Tier B - Activacion estandar,0
4428,0.44077305916054954,Tier B - Activacion estandar,0
4429,0.4299256532459376,Tier B - Activacion estandar,0
4430,0.5750465668982463,Tier B - Activacion estandar,0
4431,0.633057657520287,Tier B - Activacion estandar,0
4432,0.5285651590629324,Tier B - Activacion estandar,0
4433,0.4671485553505819,Tier B - Activacion estandar,0
4434,0.4053436253616267,Tier B - Activacion estandar,0
4435,0.426422531444305,Tier B - Activacion estandar,0
4436,0.5784190148194766,Tier B - Activacion estandar,0
4437,0.5130384076681493,Tier B - Activacion estandar,0
4438,0.44307765404140015,Tier B - Activacion estandar,0
4439,0.43790915743503045,Tier B - Activacion estandar,0
4440,0.5784810036555216,Tier B - Activacion estandar,0
4441,0.5215082331164042,Tier B - Activacion estandar,0
4442,0.47591072725725697,Tier B - Activacion estandar,0
4443,0.47915653230768074,Tier B - Activacion estandar,0
4444,0.46917275952656257,Tier B - Activacion estandar,0
4445,0.47261489548357566,Tier B - Activacion estandar,0
4446,0.5681874919715035,Tier B - Activacion estandar,0
4447,0.45992716705691605,Tier B - Activacion estandar,0
4448,0.44823203338906814,Tier B - Activacion estandar,0
4449,0.5064673951345464,Tier B - Activacion estandar,0
4450,0.46622783579385146,Tier B - Activacion estandar,0
4451,0.4893837412691084,Tier B - Activacion estandar,0
4452,0.45966541361505664,Tier B - Activacion estandar,0
4453,0.45747810593040433,Tier B - Activacion estandar,0
4454,0.42864035311302046,Tier B - Activacion estandar,0
4455,0.49154940002950426,Tier B - Activacion estandar,0
4456,0.5225753505178463,Tier B - Activacion estandar,0
4457,0.42387152563285163,Tier B - Activacion estandar,1
4458,0.5708506835008591,Tier B - Activacion estandar,1
4459,0.5774612508983467,Tier B - Activacion estandar,0
4460,0.5679867526730267,Tier B - Activacion estandar,0
4461,0.4883262600504082,Tier B - Activacion estandar,0
4462,0.411206584495404,Tier B - Activacion estandar,0
4463,0.4176732776473738,Tier B - Activacion estandar,0
4464,0.5286486418253993,Tier B - Activacion estandar,0
4465,0.49449831873192945,Tier B - Activacion estandar,0
4466,0.5049461379458735,Tier B - Activacion estandar,0
4467,0.5582642398347235,Tier B - Activacion estandar,0
4468,0.5978611171035564,Tier B - Activacion estandar,0
4469,0.5237856308840761,Tier B - Activacion estandar,0
4470,0.42287411672638037,Tier B - Activacion estandar,0
4471,0.5598385942232005,Tier B - Activacion estandar,0
4472,0.36989829950054737,Tier C - Nurturing,0
4473,0.38498829174202565,Tier C - Nurturing,1
4474,0.5555515351185928,Tier B - Activacion estandar,0
4475,0.5345908137764067,Tier B - Activacion estandar,0
4476,0.6163409528864577,Tier B - Activacion estandar,1
4477,0.4969576051288989,Tier B - Activacion estandar,0
4478,0.46112764561061254,Tier B - Activacion estandar,0
4479,0.5970710227660622,Tier B - Activacion estandar,0
4480,0.4441952904456766,Tier B - Activacion estandar,0
4481,0.6217869603560271,Tier B - Activacion estandar,0
4482,0.5095359035678259,Tier B - Activacion estandar,0
4483,0.5930837149012735,Tier B - Activacion estandar,0
4484,0.46867659244416443,Tier B - Activacion estandar,0
4485,0.41123099676159197,Tier B - Activacion estandar,0
4486,0.46636946426564224,Tier B - Activacion estandar,0
4487,0.46005387361184535,Tier B - Activacion estandar,0
4488,0.5189374382290036,Tier B - Activacion estandar,0
4489,0.5851187138104492,Tier B - Activacion estandar,0
4490,0.5374393369149996,Tier B - Activacion estandar,1
4491,0.5359015696782786,Tier B - Activacion estandar,0
4492,0.5348243912338604,Tier B - Activacion estandar,0
4493,0.4136241223486155,Tier B - Activacion estandar,0
4494,0.5425297354959984,Tier B - Activacion estandar,1
4495,0.5249698886085414,Tier B - Activacion estandar,0
4496,0.40800035429200204,Tier B - Activacion estandar,0
4497,0.4612637522129294,Tier B - Activacion estandar,0
4498,0.4893384034187429,Tier B - Activacion estandar,1
4499,0.5081310569466494,Tier B - Activacion estandar,0
4500,0.5341720255619722,Tier B - Activacion estandar,0
4501,0.5765555275627743,Tier B - Activacion estandar,1
4502,0.6171940981075248,Tier B - Activacion estandar,0
4503,0.48916282950316003,Tier B - Activacion estandar,0
4504,0.4340874745647843,Tier B - Activacion estandar,0
4505,0.43657634837842885,Tier B - Activacion estandar,0
4506,0.638328447431931,Tier B - Activacion estandar,0
4507,0.546937518428722,Tier B - Activacion estandar,0
4508,0.48200295430532936,Tier B - Activacion estandar,0
4509,0.5629706014148435,Tier B - Activacion estandar,0
4510,0.6011106884670651,Tier B - Activacion estandar,1
4511,0.29453130010612966,Tier C - Nurturing,1
4512,0.5502775921671386,Tier B - Activacion estandar,1
4513,0.44795739732676054,Tier B - Activacion estandar,0
4514,0.3495028155018149,Tier C - Nurturing,0
4515,0.4970990550424364,Tier B - Activacion estandar,0
4516,0.52924597594948,Tier B - Activacion estandar,0
4517,0.37747562432110066,Tier C - Nurturing,0
4518,0.47202055513328683,Tier B - Activacion estandar,1
4519,0.4190364904133589,Tier B - Activacion estandar,1
4520,0.605119644633516,Tier B - Activacion estandar,0
4521,0.45712052244498835,Tier B - Activacion estandar,0
4522,0.5398208844647323,Tier B - Activacion estandar,0
4523,0.5637247518622186,Tier B - Activacion estandar,1
4524,0.461755738313891,Tier B - Activacion estandar,0
4525,0.3831663512689895,Tier C - Nurturing,0
4526,0.4426887854616661,Tier B - Activacion estandar,0
4527,0.40889816207972274,Tier B - Activacion estandar,0
4528,0.5403608559088269,Tier B - Activacion estandar,1
4529,0.502404587669094,Tier B - Activacion estandar,0
4530,0.5259870922690562,Tier B - Activacion estandar,0
4531,0.46969808706062544,Tier B - Activacion estandar,0
4532,0.588815186364579,Tier B - Activacion estandar,0
4533,0.33388808918567076,Tier C - Nurturing,0
4534,0.43464774216423935,Tier B - Activacion estandar,0
4535,0.5132468117127674,Tier B - Activacion estandar,0
4536,0.5545818604506575,Tier B - Activacion estandar,0
4537,0.5011596220616826,Tier B - Activacion estandar,0
4538,0.5627018335568738,Tier B - Activacion estandar,0
4539,0.4994824269055212,Tier B - Activacion estandar,1
4540,0.4881333687876872,Tier B - Activacion estandar,0
4541,0.3839874325601477,Tier C - Nurturing,0
4542,0.5545150026767377,Tier B - Activacion estandar,1
4543,0.48220465565264325,Tier B - Activacion estandar,0
4544,0.2852556461566907,Tier C - Nurturing,0
4545,0.29694503538411426,Tier C - Nurturing,0
4546,0.4937235874737857,Tier B - Activacion estandar,0
4547,0.5448906880718654,Tier B - Activacion estandar,0
4548,0.40332761044365184,Tier B - Activacion estandar,1
4549,0.45389572121969596,Tier B - Activacion estandar,0
4550,0.4167025526882419,Tier B - Activacion estandar,1
4551,0.5789790588377555,Tier B - Activacion estandar,1
4552,0.5148107324055483,Tier B - Activacion estandar,1
4553,0.46256577525816756,Tier B - Activacion estandar,0
4554,0.47426285076833863,Tier B - Activacion estandar,1
4555,0.431240159014529,Tier B - Activacion estandar,0
4556,0.577037280776614,Tier B - Activacion estandar,0
4557,0.4410172618790344,Tier B - Activacion estandar,0
4558,0.46082128032246283,Tier B - Activacion estandar,0
4559,0.5021984744208815,Tier B - Activacion estandar,0
4560,0.5509448741918586,Tier B - Activacion estandar,0
4561,0.46889923106067066,Tier B - Activacion estandar,0
4562,0.6781372712579838,Tier B - Activacion estandar,0
4563,0.44457372363852693,Tier B - Activacion estandar,0
4564,0.5137755447775946,Tier B - Activacion estandar,0
4565,0.4682408150482998,Tier B - Activacion estandar,0
4566,0.4999515446863711,Tier B - Activacion estandar,1
4567,0.4306465971567468,Tier B - Activacion estandar,1
4568,0.3904532453572553,Tier C - Nurturing,0
4569,0.3115311238818202,Tier C - Nurturing,0
4570,0.5316499272159083,Tier B - Activacion estandar,1
4571,0.41024804827864164,Tier B - Activacion estandar,0
4572,0.3915825347513343,Tier C - Nurturing,0
4573,0.5448783546069405,Tier B - Activacion estandar,0
4574,0.4533755336850594,Tier B - Activacion estandar,0
4575,0.5056656941337494,Tier B - Activacion estandar,1
4576,0.5773059431458175,Tier B - Activacion estandar,0
4577,0.46539074122574753,Tier B - Activacion estandar,0
4578,0.5456476884935006,Tier B - Activacion estandar,0
4579,0.5691698182371371,Tier B - Activacion estandar,0
4580,0.44324488264855016,Tier B - Activacion estandar,0
4581,0.42211738621980055,Tier B - Activacion estandar,0
4582,0.42920030299704054,Tier B - Activacion estandar,0
4583,0.38714617900092535,Tier C - Nurturing,1
4584,0.5202216289785221,Tier B - Activacion estandar,0
4585,0.4357633194197608,Tier B - Activacion estandar,0
4586,0.48788194437626503,Tier B - Activacion estandar,0
4587,0.567609927439671,Tier B - Activacion estandar,0
4588,0.5123439104025338,Tier B - Activacion estandar,0
4589,0.5695345766950616,Tier B - Activacion estandar,0
4590,0.5821297251078738,Tier B - Activacion estandar,0
4591,0.39921527812017615,Tier C - Nurturing,1
4592,0.5339005234850728,Tier B - Activacion estandar,1
4593,0.4564164758533164,Tier B - Activacion estandar,0
4594,0.37658056222318326,Tier C - Nurturing,0
4595,0.5266648995877119,Tier B - Activacion estandar,0
4596,0.48927072015836603,Tier B - Activacion estandar,1
4597,0.36801439227942784,Tier C - Nurturing,0
4598,0.443602420327165,Tier B - Activacion estandar,0
4599,0.6383233421202719,Tier B - Activacion estandar,0
4600,0.5291402617207277,Tier B - Activacion estandar,0
4601,0.50428709505454,Tier B - Activacion estandar,1
4602,0.5571775115487383,Tier B - Activacion estandar,0
4603,0.7082815103566288,Tier A - Activacion premium,1
4604,0.5449712473753352,Tier B - Activacion estandar,0
4605,0.5010293647298786,Tier B - Activacion estandar,1
4606,0.6266487509520036,Tier B - Activacion estandar,0
4607,0.6049366007329511,Tier B - Activacion estandar,1
4608,0.5042901396556038,Tier B - Activacion estandar,0
4609,0.3725010527330609,Tier C - Nurturing,0
4610,0.44385575819036566,Tier B - Activacion estandar,0
4611,0.5581226563310254,Tier B - Activacion estandar,0
4612,0.5531212424013754,Tier B - Activacion estandar,0
4613,0.46139427163787455,Tier B - Activacion estandar,0
4614,0.5609893155101418,Tier B - Activacion estandar,1
4615,0.5345575829249619,Tier B - Activacion estandar,0
4616,0.4703515990437269,Tier B - Activacion estandar,1
4617,0.4738668748104684,Tier B - Activacion estandar,0
4618,0.5915052056608737,Tier B - Activacion estandar,0
4619,0.24305245609529166,Tier C - Nurturing,0
4620,0.46209322643270784,Tier B - Activacion estandar,1
4621,0.46230640811830503,Tier B - Activacion estandar,0
4622,0.3671626857581443,Tier C - Nurturing,0
4623,0.4967526362651681,Tier B - Activacion estandar,0
4624,0.5525920956835868,Tier B - Activacion estandar,1
4625,0.5028727329420386,Tier B - Activacion estandar,0
4626,0.40633055303986776,Tier B - Activacion estandar,0
4627,0.5152130530809624,Tier B - Activacion estandar,0
4628,0.364791149750056,Tier C - Nurturing,0
4629,0.5363933388874568,Tier B - Activacion estandar,1
4630,0.4418943617982243,Tier B - Activacion estandar,0
4631,0.4860683318318555,Tier B - Activacion estandar,1
4632,0.43567596622887406,Tier B - Activacion estandar,0
4633,0.4980491713320975,Tier B - Activacion estandar,1
4634,0.5238423530931621,Tier B - Activacion estandar,0
4635,0.40675276124040954,Tier B - Activacion estandar,0
4636,0.4440250490650503,Tier B - Activacion estandar,1
4637,0.5267232368483212,Tier B - Activacion estandar,0
4638,0.5236973159102617,Tier B - Activacion estandar,0
4639,0.49136025288340995,Tier B - Activacion estandar,0
4640,0.583660409845502,Tier B - Activacion estandar,0
4641,0.5080127683673781,Tier B - Activacion estandar,0
4642,0.5035377422886628,Tier B - Activacion estandar,0
4643,0.557588353535741,Tier B - Activacion estandar,0
4644,0.5174929279444779,Tier B - Activacion estandar,1
4645,0.41755979278914335,Tier B - Activacion estandar,0
4646,0.5269206258441286,Tier B - Activacion estandar,0
4647,0.4775944663087159,Tier B - Activacion estandar,1
4648,0.4905027061012419,Tier B - Activacion estandar,0
4649,0.6029681071187997,Tier B - Activacion estandar,0
4650,0.4388797177991809,Tier B - Activacion estandar,0
4651,0.5099730729848553,Tier B - Activacion estandar,0
4652,0.4335624401418308,Tier B - Activacion estandar,0
4653,0.5720846641399168,Tier B - Activacion estandar,0
4654,0.5862079137604815,Tier B - Activacion estandar,0
4655,0.473083377855888,Tier B - Activacion estandar,0
4656,0.48424282080044945,Tier B - Activacion estandar,1
4657,0.5300038798721514,Tier B - Activacion estandar,0
4658,0.5023045172385752,Tier B - Activacion estandar,0
4659,0.5127498937666629,Tier B - Activacion estandar,0
4660,0.5539041453317277,Tier B - Activacion estandar,0
4661,0.4603002795642749,Tier B - Activacion estandar,0
4662,0.4680802945499622,Tier B - Activacion estandar,0
4663,0.4822368528174891,Tier B - Activacion estandar,1
4664,0.4747480413555707,Tier B - Activacion estandar,0
4665,0.4765430530062267,Tier B - Activacion estandar,0
4666,0.3155887204657859,Tier C - Nurturing,0
4667,0.5122911928897925,Tier B - Activacion estandar,0
4668,0.4878780574727549,Tier B - Activacion estandar,0
4669,0.4644999747643491,Tier B - Activacion estandar,0
4670,0.47991963891504547,Tier B - Activacion estandar,0
4671,0.5189483566747386,Tier B - Activacion estandar,0
4672,0.5419904545084675,Tier B - Activacion estandar,0
4673,0.44212179481649405,Tier B - Activacion estandar,0
4674,0.505477125140962,Tier B - Activacion estandar,0
4675,0.4929969685251748,Tier B - Activacion estandar,1
4676,0.37684138031653247,Tier C - Nurturing,0
4677,0.42140975648338286,Tier B - Activacion estandar,0
4678,0.5216141717469692,Tier B - Activacion estandar,1
4679,0.5310260597193529,Tier B - Activacion estandar,0
4680,0.502346522810595,Tier B - Activacion estandar,0
4681,0.42328684080538503,Tier B - Activacion estandar,0
4682,0.5158994021752022,Tier B - Activacion estandar,0
4683,0.5105906542261021,Tier B - Activacion estandar,0
4684,0.5155100296239742,Tier B - Activacion estandar,0
4685,0.43875305812525794,Tier B - Activacion estandar,0
4686,0.4416823866460434,Tier B - Activacion estandar,0
4687,0.519477453784316,Tier B - Activacion estandar,0
4688,0.41935295972720765,Tier B - Activacion estandar,0
4689,0.4096354829856841,Tier B - Activacion estandar,0
4690,0.4470869658499686,Tier B - Activacion estandar,0
4691,0.5028984182027553,Tier B - Activacion estandar,0
4692,0.6480305198700371,Tier B - Activacion estandar,0
4693,0.6488243080830225,Tier B - Activacion estandar,0
4694,0.44925643095523204,Tier B - Activacion estandar,0
4695,0.5775386786255445,Tier B - Activacion estandar,0
4696,0.49533712600937935,Tier B - Activacion estandar,0
4697,0.5812800864061334,Tier B - Activacion estandar,0
4698,0.5043550201258648,Tier B - Activacion estandar,0
4699,0.5481665394960568,Tier B - Activacion estandar,0
4700,0.45486448515479344,Tier B - Activacion estandar,0
4701,0.4680614460701267,Tier B - Activacion estandar,0
4702,0.4448480982596871,Tier B - Activacion estandar,0
4703,0.38296767582475766,Tier C - Nurturing,0
4704,0.4351250184506021,Tier B - Activacion estandar,0
4705,0.495932455802775,Tier B - Activacion estandar,0
4706,0.45953239349881925,Tier B - Activacion estandar,0
4707,0.5228255016751535,Tier B - Activacion estandar,0
4708,0.5941088761081095,Tier B - Activacion estandar,1
4709,0.5632515728960821,Tier B - Activacion estandar,0
4710,0.5268740931027841,Tier B - Activacion estandar,0
4711,0.47660324012766814,Tier B - Activacion estandar,0
4712,0.5254357653762612,Tier B - Activacion estandar,1
4713,0.5676499164201633,Tier B - Activacion estandar,1
4714,0.49968441981280526,Tier B - Activacion estandar,0
4715,0.4342819206268666,Tier B - Activacion estandar,0
4716,0.46076434557450247,Tier B - Activacion estandar,0
4717,0.5539859310581973,Tier B - Activacion estandar,0
4718,0.5465445488032501,Tier B - Activacion estandar,1
4719,0.38192585199656287,Tier C - Nurturing,0
4720,0.4093686480932812,Tier B - Activacion estandar,0
4721,0.3908937626555902,Tier C - Nurturing,0
4722,0.5902747582995566,Tier B - Activacion estandar,0
4723,0.4580914013388397,Tier B - Activacion estandar,0
4724,0.5685840645118109,Tier B - Activacion estandar,0
4725,0.4626767797507857,Tier B - Activacion estandar,0
4726,0.48034003638408346,Tier B - Activacion estandar,0
4727,0.4235545075852316,Tier B - Activacion estandar,0
4728,0.5471914509604999,Tier B - Activacion estandar,0
4729,0.5159615341624193,Tier B - Activacion estandar,0
4730,0.5195152345358219,Tier B - Activacion estandar,0
4731,0.4844636801119683,Tier B - Activacion estandar,0
4732,0.38749684117496375,Tier C - Nurturing,0
4733,0.4009056823013787,Tier B - Activacion estandar,0
4734,0.5785634712450562,Tier B - Activacion estandar,0
4735,0.5461678213397765,Tier B - Activacion estandar,0
4736,0.46295542394023104,Tier B - Activacion estandar,1
4737,0.4770580505862986,Tier B - Activacion estandar,0
4738,0.5428647945195901,Tier B - Activacion estandar,0
4739,0.45528689888517393,Tier B - Activacion estandar,0
4740,0.5192531517994122,Tier B - Activacion estandar,0
4741,0.5169678611953626,Tier B - Activacion estandar,0
4742,0.49611521859493746,Tier B - Activacion estandar,0
4743,0.47677271206127997,Tier B - Activacion estandar,0
4744,0.3675990710400113,Tier C - Nurturing,0
4745,0.5477624384171684,Tier B - Activacion estandar,0
4746,0.4577716258355788,Tier B - Activacion estandar,0
4747,0.48744336787722164,Tier B - Activacion estandar,0
4748,0.5249153655315721,Tier B - Activacion estandar,0
4749,0.48342623353031666,Tier B - Activacion estandar,0
4750,0.46626609317041284,Tier B - Activacion estandar,0
4751,0.5460817341865193,Tier B - Activacion estandar,0
4752,0.41882694757554273,Tier B - Activacion estandar,0
4753,0.4795387095354597,Tier B - Activacion estandar,0
4754,0.5935677870020099,Tier B - Activacion estandar,0
4755,0.48080918188241417,Tier B - Activacion estandar,1
4756,0.49380357253493845,Tier B - Activacion estandar,0
4757,0.47753501644333896,Tier B - Activacion estandar,0
4758,0.49221860340425017,Tier B - Activacion estandar,0
4759,0.453194392532518,Tier B - Activacion estandar,0
4760,0.567018304718618,Tier B - Activacion estandar,0
4761,0.5307093253695914,Tier B - Activacion estandar,0
4762,0.4102680905198986,Tier B - Activacion estandar,0
4763,0.3961071867861813,Tier C - Nurturing,1
4764,0.5580165197876518,Tier B - Activacion estandar,0
4765,0.43313395273104655,Tier B - Activacion estandar,0
4766,0.5243254979717247,Tier B - Activacion estandar,0
4767,0.5270895429179903,Tier B - Activacion estandar,0
4768,0.5520247270217656,Tier B - Activacion estandar,0
4769,0.4691611044587303,Tier B - Activacion estandar,0
4770,0.5394896662248384,Tier B - Activacion estandar,0
4771,0.4464553775484638,Tier B - Activacion estandar,0
4772,0.52425336020129,Tier B - Activacion estandar,0
4773,0.46761904403597193,Tier B - Activacion estandar,0
4774,0.6816488319617736,Tier B - Activacion estandar,0
4775,0.5145659809389594,Tier B - Activacion estandar,1
4776,0.5309828480656804,Tier B - Activacion estandar,0
4777,0.5052575685572621,Tier B - Activacion estandar,0
4778,0.4366134360331255,Tier B - Activacion estandar,0
4779,0.5274281142445022,Tier B - Activacion estandar,0
4780,0.5795138707807301,Tier B - Activacion estandar,0
4781,0.6374360554981308,Tier B - Activacion estandar,0
4782,0.4068587496735739,Tier B - Activacion estandar,0
4783,0.31194939744949846,Tier C - Nurturing,0
4784,0.5284900359970514,Tier B - Activacion estandar,0
4785,0.4659262439116307,Tier B - Activacion estandar,0
4786,0.5080689339882407,Tier B - Activacion estandar,1
4787,0.31529233484648245,Tier C - Nurturing,0
4788,0.41231726089833026,Tier B - Activacion estandar,0
4789,0.5289706367514464,Tier B - Activacion estandar,0
4790,0.47423988714193505,Tier B - Activacion estandar,0
4791,0.46631796285153626,Tier B - Activacion estandar,0
4792,0.41212281438668463,Tier B - Activacion estandar,0
4793,0.5969766177799747,Tier B - Activacion estandar,0
4794,0.5132676393997192,Tier B - Activacion estandar,0
4795,0.41405447002874146,Tier B - Activacion estandar,0
4796,0.5324171895165428,Tier B - Activacion estandar,0
4797,0.3455954963815739,Tier C - Nurturing,0
4798,0.5160630956527361,Tier B - Activacion estandar,0
4799,0.49081248756925466,Tier B - Activacion estandar,0
4800,0.432278403255008,Tier B - Activacion estandar,1
4801,0.4316267162929002,Tier B - Activacion estandar,0
4802,0.4802956419652353,Tier B - Activacion estandar,0
4803,0.47261329497613574,Tier B - Activacion estandar,0
4804,0.4654870575172392,Tier B - Activacion estandar,0
4805,0.5253812800334432,Tier B - Activacion estandar,0
4806,0.5366171159056755,Tier B - Activacion estandar,0
4807,0.4697412473328568,Tier B - Activacion estandar,0
4808,0.4835401649246869,Tier B - Activacion estandar,0
4809,0.44259973898333893,Tier B - Activacion estandar,0
4810,0.5116407961273066,Tier B - Activacion estandar,0
4811,0.4733476048250611,Tier B - Activacion estandar,0
4812,0.5233272863575501,Tier B - Activacion estandar,0
4813,0.39890001597952907,Tier C - Nurturing,0
4814,0.5007843105097093,Tier B - Activacion estandar,0
4815,0.5141294177102302,Tier B - Activacion estandar,0
4816,0.496319036647117,Tier B - Activacion estandar,0
4817,0.5929642295748007,Tier B - Activacion estandar,0
4818,0.5287776846347132,Tier B - Activacion estandar,0
4819,0.44171470879977254,Tier B - Activacion estandar,0
4820,0.49111181042965296,Tier B - Activacion estandar,0
4821,0.5692811177296221,Tier B - Activacion estandar,0
4822,0.5125519224814392,Tier B - Activacion estandar,0
4823,0.6067304732071325,Tier B - Activacion estandar,1
4824,0.48004205156423957,Tier B - Activacion estandar,0
4825,0.5135322371034882,Tier B - Activacion estandar,0
4826,0.48427440638674585,Tier B - Activacion estandar,0
4827,0.6070495917776958,Tier B - Activacion estandar,1
4828,0.5616481208828634,Tier B - Activacion estandar,1
4829,0.5164146137709649,Tier B - Activacion estandar,1
4830,0.42392101463126414,Tier B - Activacion estandar,0
4831,0.5520398941292933,Tier B - Activacion estandar,0
4832,0.532217940979787,Tier B - Activacion estandar,0
4833,0.4308879038510834,Tier B - Activacion estandar,0
4834,0.6333560196677068,Tier B - Activacion estandar,0
4835,0.5520093542754849,Tier B - Activacion estandar,0
4836,0.5616839525621817,Tier B - Activacion estandar,0
4837,0.5597270088905503,Tier B - Activacion estandar,0
4838,0.5148030198746193,Tier B - Activacion estandar,0
4839,0.45769599135717076,Tier B - Activacion estandar,0
4840,0.437906765384208,Tier B - Activacion estandar,1
4841,0.4099558757411666,Tier B - Activacion estandar,0
4842,0.38010824507823093,Tier C - Nurturing,0
4843,0.6297709216127837,Tier B - Activacion estandar,0
4844,0.5166776298298834,Tier B - Activacion estandar,0
4845,0.6168403862841395,Tier B - Activacion estandar,0
4846,0.4772621342245456,Tier B - Activacion estandar,1
4847,0.47845732781809064,Tier B - Activacion estandar,0
4848,0.49196159049063204,Tier B - Activacion estandar,0
4849,0.516553541747464,Tier B - Activacion estandar,0
4850,0.40043313442327305,Tier B - Activacion estandar,0
4851,0.3659331735715152,Tier C - Nurturing,0
4852,0.4506901282985611,Tier B - Activacion estandar,0
4853,0.5204917843479518,Tier B - Activacion estandar,0
4854,0.521103648898986,Tier B - Activacion estandar,0
4855,0.4798174098691892,Tier B - Activacion estandar,0
4856,0.5205893511699292,Tier B - Activacion estandar,1
4857,0.5518248511032565,Tier B - Activacion estandar,1
4858,0.4583367476101515,Tier B - Activacion estandar,0
4859,0.5412810016897716,Tier B - Activacion estandar,0
4860,0.4072969125714748,Tier B - Activacion estandar,0
4861,0.4513166727793789,Tier B - Activacion estandar,0
4862,0.5294600934222031,Tier B - Activacion estandar,1
4863,0.529818014428149,Tier B - Activacion estandar,0
4864,0.501493990843893,Tier B - Activacion estandar,1
4865,0.5215919920007036,Tier B - Activacion estandar,0
4866,0.5266153372085628,Tier B - Activacion estandar,0
4867,0.5300711225610093,Tier B - Activacion estandar,0
4868,0.5103295929119384,Tier B - Activacion estandar,1
4869,0.3759112692444463,Tier C - Nurturing,0
4870,0.6012208711328939,Tier B - Activacion estandar,0
4871,0.42159100413899137,Tier B - Activacion estandar,1
4872,0.49032838156626213,Tier B - Activacion estandar,0
4873,0.5131094351118414,Tier B - Activacion estandar,0
4874,0.5327532737510443,Tier B - Activacion estandar,0
4875,0.36738402084033106,Tier C - Nurturing,0
4876,0.543361255944273,Tier B - Activacion estandar,0
4877,0.5318886225535283,Tier B - Activacion estandar,0
4878,0.561091233193112,Tier B - Activacion estandar,1
4879,0.502594358606089,Tier B - Activacion estandar,0
4880,0.5463436732650804,Tier B - Activacion estandar,0
4881,0.545133410601566,Tier B - Activacion estandar,0
4882,0.5435240607101949,Tier B - Activacion estandar,0
4883,0.7136818805858616,Tier A - Activacion premium,0
4884,0.32862806865174016,Tier C - Nurturing,0
4885,0.4407566174308497,Tier B - Activacion estandar,0
4886,0.4688075666612437,Tier B - Activacion estandar,1
4887,0.45921153502031625,Tier B - Activacion estandar,0
4888,0.4912664049330695,Tier B - Activacion estandar,0
4889,0.6562546343179253,Tier B - Activacion estandar,0
4890,0.49077779832273455,Tier B - Activacion estandar,0
4891,0.5780555801964635,Tier B - Activacion estandar,0
4892,0.522381040122255,Tier B - Activacion estandar,0
4893,0.5677218357139652,Tier B - Activacion estandar,0
4894,0.6105823769758548,Tier B - Activacion estandar,0
4895,0.6173547283841936,Tier B - Activacion estandar,0
4896,0.5009986766021093,Tier B - Activacion estandar,1
4897,0.5180662716800347,Tier B - Activacion estandar,0
4898,0.5648374745084082,Tier B - Activacion estandar,0
4899,0.6252468186342567,Tier B - Activacion estandar,0
4900,0.5678162254272557,Tier B - Activacion estandar,1
4901,0.499409888841368,Tier B - Activacion estandar,1
4902,0.552875447911993,Tier B - Activacion estandar,0
4903,0.5219139058931205,Tier B - Activacion estandar,0
4904,0.643258805969839,Tier B - Activacion estandar,0
4905,0.48747028916104973,Tier B - Activacion estandar,1
4906,0.5738170908310241,Tier B - Activacion estandar,0
4907,0.5640070086337614,Tier B - Activacion estandar,0
4908,0.4941701579813116,Tier B - Activacion estandar,0
4909,0.4238870990360514,Tier B - Activacion estandar,0
4910,0.5405684993119503,Tier B - Activacion estandar,0
4911,0.49369202769199927,Tier B - Activacion estandar,0
4912,0.4671401998056239,Tier B - Activacion estandar,0
4913,0.4183796534473124,Tier B - Activacion estandar,1
4914,0.4826352677581613,Tier B - Activacion estandar,0
4915,0.6094168891443794,Tier B - Activacion estandar,0
4916,0.3343821917349382,Tier C - Nurturing,0
4917,0.6204498236178481,Tier B - Activacion estandar,0
4918,0.5477837423579087,Tier B - Activacion estandar,0
4919,0.48284430129545514,Tier B - Activacion estandar,0
4920,0.4139564991589693,Tier B - Activacion estandar,0
4921,0.5315577009460529,Tier B - Activacion estandar,0
4922,0.4832720898336116,Tier B - Activacion estandar,0
4923,0.590778718917615,Tier B - Activacion estandar,0
4924,0.47874315128419564,Tier B - Activacion estandar,0
4925,0.513602167734416,Tier B - Activacion estandar,0
4926,0.45064874381609477,Tier B - Activacion estandar,1
4927,0.48191258448834823,Tier B - Activacion estandar,0
4928,0.32461172577065134,Tier C - Nurturing,0
4929,0.42714601285958104,Tier B - Activacion estandar,1
4930,0.4497754216028888,Tier B - Activacion estandar,0
4931,0.4925722085614469,Tier B - Activacion estandar,0
4932,0.5462563053855919,Tier B - Activacion estandar,0
4933,0.42175618257078373,Tier B - Activacion estandar,0
4934,0.4498333433496162,Tier B - Activacion estandar,0
4935,0.5259063625957535,Tier B - Activacion estandar,0
4936,0.4729482871373402,Tier B - Activacion estandar,0
4937,0.5163341689731548,Tier B - Activacion estandar,0
4938,0.39300067465875343,Tier C - Nurturing,0
4939,0.4615291769036366,Tier B - Activacion estandar,0
4940,0.5247749428165656,Tier B - Activacion estandar,0
4941,0.4665720222549221,Tier B - Activacion estandar,0
4942,0.5123348034084568,Tier B - Activacion estandar,0
4943,0.43005116019394574,Tier B - Activacion estandar,0
4944,0.5220937794018402,Tier B - Activacion estandar,1
4945,0.46421315614652914,Tier B - Activacion estandar,0
4946,0.6067583834122418,Tier B - Activacion estandar,0
4947,0.5111709368031265,Tier B - Activacion estandar,1
4948,0.593941854302415,Tier B - Activacion estandar,0
4949,0.518501612594291,Tier B - Activacion estandar,0
4950,0.6379208688398514,Tier B - Activacion estandar,0
4951,0.5155754946563592,Tier B - Activacion estandar,1
4952,0.5485530624116781,Tier B - Activacion estandar,0
4953,0.48651090657071067,Tier B - Activacion estandar,1
4954,0.5864586863706713,Tier B - Activacion estandar,0
4955,0.5007814786008981,Tier B - Activacion estandar,0
4956,0.4554283246666032,Tier B - Activacion estandar,0
4957,0.49427518237869694,Tier B - Activacion estandar,0
4958,0.39180598783411535,Tier C - Nurturing,0
4959,0.5623662266561028,Tier B - Activacion estandar,0
4960,0.5256442687587648,Tier B - Activacion estandar,1
4961,0.40634323231447456,Tier B - Activacion estandar,0
4962,0.4501116333101723,Tier B - Activacion estandar,0
4963,0.48685055393925986,Tier B - Activacion estandar,1
4964,0.607386732591115,Tier B - Activacion estandar,0
4965,0.49586180310578254,Tier B - Activacion estandar,0
4966,0.554513982521811,Tier B - Activacion estandar,0
4967,0.31466377249534705,Tier C - Nurturing,0
4968,0.5069716200368407,Tier B - Activacion estandar,1
4969,0.44681122775759585,Tier B - Activacion estandar,1
4970,0.4585438569777525,Tier B - Activacion estandar,0
4971,0.46802085710265784,Tier B - Activacion estandar,1
4972,0.35753435165863323,Tier C - Nurturing,0
4973,0.44844565341273185,Tier B - Activacion estandar,0
4974,0.4622760467896708,Tier B - Activacion estandar,0
4975,0.5819496448415634,Tier B - Activacion estandar,1
4976,0.5233040725070218,Tier B - Activacion estandar,1
4977,0.5392621458577894,Tier B - Activacion estandar,0
4978,0.4945624269961754,Tier B - Activacion estandar,0
4979,0.5439665107194507,Tier B - Activacion estandar,0
4980,0.4989834199080329,Tier B - Activacion estandar,0
4981,0.5296171891002979,Tier B - Activacion estandar,0
4982,0.5358655975394345,Tier B - Activacion estandar,0
4983,0.4267560329763253,Tier B - Activacion estandar,0
4984,0.5427529194559071,Tier B - Activacion estandar,0
4985,0.4793767255508958,Tier B - Activacion estandar,0
4986,0.5183540453706631,Tier B - Activacion estandar,1
4987,0.581348131714943,Tier B - Activacion estandar,0
4988,0.6687931724515516,Tier B - Activacion estandar,1
4989,0.40286073982051507,Tier B - Activacion estandar,0
4990,0.5449902576753495,Tier B - Activacion estandar,0
4991,0.5640894389843651,Tier B - Activacion estandar,0
4992,0.4902264680329836,Tier B - Activacion estandar,0
4993,0.42956695759835195,Tier B - Activacion estandar,0
4994,0.5464371954590737,Tier B - Activacion estandar,0
4995,0.5848273701193965,Tier B - Activacion estandar,0
4996,0.6881467425407491,Tier B - Activacion estandar,0
4997,0.4738840626004862,Tier B - Activacion estandar,0
4998,0.4964887407929003,Tier B - Activacion estandar,1
4999,0.48986947222627686,Tier B - Activacion estandar,0
5000,0.4770092628712434,Tier B - Activacion estandar,0
5001,0.6277080168960592,Tier B - Activacion estandar,0
5002,0.5320016190728776,Tier B - Activacion estandar,0
5003,0.45905090249594294,Tier B - Activacion estandar,0
5004,0.5323910866313738,Tier B - Activacion estandar,1
5005,0.36249373003161656,Tier C - Nurturing,0
5006,0.573511355932135,Tier B - Activacion estandar,1
5007,0.49670060385708503,Tier B - Activacion estandar,0
5008,0.5068938009778283,Tier B - Activacion estandar,0
5009,0.4095725232020443,Tier B - Activacion estandar,0
5010,0.6024627534137016,Tier B - Activacion estandar,0
5011,0.4881262766978853,Tier B - Activacion estandar,1
5012,0.5514125560180114,Tier B - Activacion estandar,1
5013,0.46662347510921137,Tier B - Activacion estandar,0
5014,0.39119676713468005,Tier C - Nurturing,0
5015,0.43740082093352967,Tier B - Activacion estandar,0
5016,0.4383404933814665,Tier B - Activacion estandar,0
5017,0.26497539414598664,Tier C - Nurturing,0
5018,0.5262515262322874,Tier B - Activacion estandar,0
5019,0.5670105912204582,Tier B - Activacion estandar,0
5020,0.5142396686990693,Tier B - Activacion estandar,0
5021,0.4795748611054343,Tier B - Activacion estandar,0
5022,0.3774579744147121,Tier C - Nurturing,1
5023,0.5962562191339995,Tier B - Activacion estandar,0
5024,0.6355573477660449,Tier B - Activacion estandar,0
5025,0.437873750345044,Tier B - Activacion estandar,0
5026,0.5605792147347686,Tier B - Activacion estandar,1
5027,0.5263426893127139,Tier B - Activacion estandar,0
5028,0.2953525040116137,Tier C - Nurturing,0
5029,0.4464384503229794,Tier B - Activacion estandar,0
5030,0.5705173543612678,Tier B - Activacion estandar,0
5031,0.6099449789803228,Tier B - Activacion estandar,0
5032,0.5347120274551687,Tier B - Activacion estandar,0
5033,0.520910056937376,Tier B - Activacion estandar,0
5034,0.4529014456881454,Tier B - Activacion estandar,0
5035,0.42849911413878894,Tier B - Activacion estandar,0
5036,0.3736259473867578,Tier C - Nurturing,0
5037,0.37972046806852494,Tier C - Nurturing,1
5038,0.521740084668705,Tier B - Activacion estandar,0
5039,0.44109980655998854,Tier B - Activacion estandar,0
5040,0.5295064286319717,Tier B - Activacion estandar,0
5041,0.5011961145095497,Tier B - Activacion estandar,0
5042,0.5456775743975771,Tier B - Activacion estandar,0
5043,0.4749573695323155,Tier B - Activacion estandar,0
5044,0.46820498601116056,Tier B - Activacion estandar,0
5045,0.4868696638861022,Tier B - Activacion estandar,1
5046,0.4280109782459873,Tier B - Activacion estandar,0
5047,0.4189338755459744,Tier B - Activacion estandar,0
5048,0.5245046703690248,Tier B - Activacion estandar,0
5049,0.4979687688092437,Tier B - Activacion estandar,0
5050,0.5603112887925664,Tier B - Activacion estandar,0
5051,0.5083409203044981,Tier B - Activacion estandar,0
5052,0.43857000733269386,Tier B - Activacion estandar,0
5053,0.5101224674169237,Tier B - Activacion estandar,0
5054,0.4739685200238998,Tier B - Activacion estandar,1
5055,0.4222616622330655,Tier B - Activacion estandar,0
5056,0.46730203146264354,Tier B - Activacion estandar,0
5057,0.4637343055853491,Tier B - Activacion estandar,0
5058,0.4945874074638133,Tier B - Activacion estandar,0
5059,0.4097696656582768,Tier B - Activacion estandar,0
5060,0.455415218893159,Tier B - Activacion estandar,0
5061,0.4959206577692815,Tier B - Activacion estandar,0
5062,0.6973332422123941,Tier B - Activacion estandar,0
5063,0.5726229712041226,Tier B - Activacion estandar,0
5064,0.5559354319328823,Tier B - Activacion estandar,0
5065,0.5075788783903306,Tier B - Activacion estandar,0
5066,0.5548980279403382,Tier B - Activacion estandar,0
5067,0.5750626983840399,Tier B - Activacion estandar,0
5068,0.597514542028381,Tier B - Activacion estandar,0
5069,0.568747874954757,Tier B - Activacion estandar,0
5070,0.5638143324504731,Tier B - Activacion estandar,0
5071,0.5492009191225696,Tier B - Activacion estandar,0
5072,0.4598299248272861,Tier B - Activacion estandar,0
5073,0.45862112211462824,Tier B - Activacion estandar,0
5074,0.5680213924129188,Tier B - Activacion estandar,0
5075,0.41888897436899836,Tier B - Activacion estandar,0
5076,0.576109529019156,Tier B - Activacion estandar,0
5077,0.45018379412849857,Tier B - Activacion estandar,0
5078,0.5522442446260976,Tier B - Activacion estandar,0
5079,0.4764473810044482,Tier B - Activacion estandar,0
5080,0.5070912640348759,Tier B - Activacion estandar,0
5081,0.536377375933051,Tier B - Activacion estandar,0
5082,0.5292698524479417,Tier B - Activacion estandar,0
5083,0.5223792125741512,Tier B - Activacion estandar,0
5084,0.5642018492097942,Tier B - Activacion estandar,0
5085,0.52550060823744,Tier B - Activacion estandar,0
5086,0.4996908577987324,Tier B - Activacion estandar,0
5087,0.48257469710066847,Tier B - Activacion estandar,0
5088,0.507936689895668,Tier B - Activacion estandar,0
5089,0.5015253438784147,Tier B - Activacion estandar,0
5090,0.5224433935180421,Tier B - Activacion estandar,0
5091,0.546552805764963,Tier B - Activacion estandar,0
5092,0.5228687006818038,Tier B - Activacion estandar,1
5093,0.5691360101345795,Tier B - Activacion estandar,0
5094,0.550769058788069,Tier B - Activacion estandar,0
5095,0.46588093581058293,Tier B - Activacion estandar,0
5096,0.5344912091357252,Tier B - Activacion estandar,0
5097,0.5299758416854227,Tier B - Activacion estandar,0
5098,0.5379371299687651,Tier B - Activacion estandar,0
5099,0.43390307931292466,Tier B - Activacion estandar,1
5100,0.3872619461853002,Tier C - Nurturing,0
5101,0.4909285970631401,Tier B - Activacion estandar,1
5102,0.5602919664492355,Tier B - Activacion estandar,0
5103,0.4131598460343719,Tier B - Activacion estandar,1
5104,0.44090313226777944,Tier B - Activacion estandar,0
5105,0.5086733132907918,Tier B - Activacion estandar,0
5106,0.4262246500550388,Tier B - Activacion estandar,0
5107,0.47795587835669834,Tier B - Activacion estandar,0
5108,0.5038799479410156,Tier B - Activacion estandar,0
5109,0.2191199881987447,Tier C - Nurturing,0
5110,0.4956358904142825,Tier B - Activacion estandar,0
5111,0.5099971945758293,Tier B - Activacion estandar,0
5112,0.6371828743752543,Tier B - Activacion estandar,0
5113,0.49298207709398467,Tier B - Activacion estandar,0
5114,0.39657050173554126,Tier C - Nurturing,0
5115,0.3255504197067578,Tier C - Nurturing,0
5116,0.5070774062051753,Tier B - Activacion estandar,0
5117,0.6014815315431276,Tier B - Activacion estandar,0
5118,0.5478680479042606,Tier B - Activacion estandar,0
5119,0.4820096032470867,Tier B - Activacion estandar,0
5120,0.4936534406935023,Tier B - Activacion estandar,1
5121,0.5079037131267258,Tier B - Activacion estandar,0
5122,0.47604508917086497,Tier B - Activacion estandar,0
5123,0.45647947325561017,Tier B - Activacion estandar,0
5124,0.5452508157940483,Tier B - Activacion estandar,0
5125,0.5741798073107578,Tier B - Activacion estandar,0
5126,0.3442904327847279,Tier C - Nurturing,0
5127,0.471878903037426,Tier B - Activacion estandar,0
5128,0.4464939166425723,Tier B - Activacion estandar,0
5129,0.5568626024790849,Tier B - Activacion estandar,1
5130,0.5678430193435228,Tier B - Activacion estandar,0
5131,0.45275600684914463,Tier B - Activacion estandar,0
5132,0.5468479373972039,Tier B - Activacion estandar,0
5133,0.44459961969169637,Tier B - Activacion estandar,0
5134,0.42281852448724666,Tier B - Activacion estandar,0
5135,0.42560352183664013,Tier B - Activacion estandar,0
5136,0.5856153654865948,Tier B - Activacion estandar,0
5137,0.49975073307991086,Tier B - Activacion estandar,0
5138,0.5387577665422406,Tier B - Activacion estandar,1
5139,0.6029358208169558,Tier B - Activacion estandar,0
5140,0.5103371901187517,Tier B - Activacion estandar,0
5141,0.48930904011951815,Tier B - Activacion estandar,0
5142,0.4799047031344068,Tier B - Activacion estandar,0
5143,0.5821441282827584,Tier B - Activacion estandar,0
5144,0.5358711816096479,Tier B - Activacion estandar,0
5145,0.4735338552347781,Tier B - Activacion estandar,0
5146,0.4805429082609509,Tier B - Activacion estandar,0
5147,0.3802830371487962,Tier C - Nurturing,0
5148,0.5124073892981618,Tier B - Activacion estandar,0
5149,0.5003938559858319,Tier B - Activacion estandar,0
5150,0.6713814846307872,Tier B - Activacion estandar,0
5151,0.45109406938370084,Tier B - Activacion estandar,0
5152,0.5641255692396945,Tier B - Activacion estandar,0
5153,0.5174646927391272,Tier B - Activacion estandar,0
5154,0.4522683499192221,Tier B - Activacion estandar,0
5155,0.5800837741365767,Tier B - Activacion estandar,0
5156,0.4711115877171045,Tier B - Activacion estandar,0
5157,0.34321460652549307,Tier C - Nurturing,0
5158,0.4081517149614273,Tier B - Activacion estandar,0
5159,0.4343584486164412,Tier B - Activacion estandar,0
5160,0.5619232016220475,Tier B - Activacion estandar,0
5161,0.46935937511075293,Tier B - Activacion estandar,0
5162,0.5637934503182884,Tier B - Activacion estandar,0
5163,0.4978385976164439,Tier B - Activacion estandar,0
5164,0.5224037282182225,Tier B - Activacion estandar,0
5165,0.49584482857577294,Tier B - Activacion estandar,1
5166,0.5288255743430621,Tier B - Activacion estandar,0
5167,0.5224816193127225,Tier B - Activacion estandar,0
5168,0.5051790576932351,Tier B - Activacion estandar,0
5169,0.5131842207853266,Tier B - Activacion estandar,1
5170,0.41397365960404986,Tier B - Activacion estandar,0
5171,0.5192334888473379,Tier B - Activacion estandar,1
5172,0.5238903303927438,Tier B - Activacion estandar,1
5173,0.4487729741432756,Tier B - Activacion estandar,0
5174,0.5988493026925957,Tier B - Activacion estandar,0
5175,0.5687839975300223,Tier B - Activacion estandar,0
5176,0.5341216267662886,Tier B - Activacion estandar,0
5177,0.5125121739867079,Tier B - Activacion estandar,0
5178,0.4572363909407906,Tier B - Activacion estandar,1
5179,0.5220365721146855,Tier B - Activacion estandar,0
5180,0.5191733720071242,Tier B - Activacion estandar,1
5181,0.5310519341281992,Tier B - Activacion estandar,1
5182,0.43168814051009685,Tier B - Activacion estandar,0
5183,0.5269695734726214,Tier B - Activacion estandar,0
5184,0.4937324538333373,Tier B - Activacion estandar,0
5185,0.6150322250972444,Tier B - Activacion estandar,0
5186,0.463836124940733,Tier B - Activacion estandar,0
5187,0.46224533235859333,Tier B - Activacion estandar,0
5188,0.40801417178698174,Tier B - Activacion estandar,0
5189,0.46300972528975,Tier B - Activacion estandar,0
5190,0.5222613893932739,Tier B - Activacion estandar,0
5191,0.4646473785030501,Tier B - Activacion estandar,0
5192,0.487758574015541,Tier B - Activacion estandar,0
5193,0.5152859483892204,Tier B - Activacion estandar,1
5194,0.4440777011286143,Tier B - Activacion estandar,0
5195,0.46821427979041513,Tier B - Activacion estandar,0
5196,0.46337309617953226,Tier B - Activacion estandar,0
5197,0.570664754209063,Tier B - Activacion estandar,0
5198,0.47303805128494025,Tier B - Activacion estandar,0
5199,0.5544677213002339,Tier B - Activacion estandar,0
5200,0.5456477826745877,Tier B - Activacion estandar,0
5201,0.5061848652897945,Tier B - Activacion estandar,0
5202,0.44988220199461837,Tier B - Activacion estandar,1
5203,0.4295390278594199,Tier B - Activacion estandar,0
5204,0.5095402204137693,Tier B - Activacion estandar,0
5205,0.44013207535599,Tier B - Activacion estandar,0
5206,0.5642947183977965,Tier B - Activacion estandar,0
5207,0.33188776820680743,Tier C - Nurturing,0
5208,0.4681114934670482,Tier B - Activacion estandar,0
5209,0.5441737002417654,Tier B - Activacion estandar,0
5210,0.43258255211155816,Tier B - Activacion estandar,0
5211,0.6500652871457202,Tier B - Activacion estandar,0
5212,0.3442377524300244,Tier C - Nurturing,0
5213,0.44922627915683805,Tier B - Activacion estandar,0
5214,0.2517866254722704,Tier C - Nurturing,0
5215,0.6569883496997395,Tier B - Activacion estandar,1
5216,0.5140931608507517,Tier B - Activacion estandar,0
5217,0.5780299342163545,Tier B - Activacion estandar,0
5218,0.5426654441115323,Tier B - Activacion estandar,0
5219,0.5660103317218047,Tier B - Activacion estandar,1
5220,0.502807536163205,Tier B - Activacion estandar,0
5221,0.5539209927932405,Tier B - Activacion estandar,0
5222,0.46545376295586943,Tier B - Activacion estandar,1
5223,0.48474079342807164,Tier B - Activacion estandar,0
5224,0.4631023682090194,Tier B - Activacion estandar,1
5225,0.42867043310324293,Tier B - Activacion estandar,0
5226,0.045217222759063876,Tier D - Mantenimiento,0
5227,0.5531165506001184,Tier B - Activacion estandar,1
5228,0.4209826312434796,Tier B - Activacion estandar,0
5229,0.3463805881874122,Tier C - Nurturing,0
5230,0.5642987083256429,Tier B - Activacion estandar,0
5231,0.49531741012789016,Tier B - Activacion estandar,0
5232,0.29117091683415075,Tier C - Nurturing,0
5233,0.5886471041352415,Tier B - Activacion estandar,0
5234,0.529609653304502,Tier B - Activacion estandar,0
5235,0.2565566296988677,Tier C - Nurturing,0
5236,0.5329817574976105,Tier B - Activacion estandar,0
5237,0.4535659941692424,Tier B - Activacion estandar,0
5238,0.5076071368486054,Tier B - Activacion estandar,0
5239,0.393925619336462,Tier C - Nurturing,0
5240,0.5747300018300321,Tier B - Activacion estandar,1
5241,0.5197318075831541,Tier B - Activacion estandar,0
5242,0.47256627946779173,Tier B - Activacion estandar,0
5243,0.4800026449251181,Tier B - Activacion estandar,0
5244,0.5633132865856237,Tier B - Activacion estandar,0
5245,0.5304595695473617,Tier B - Activacion estandar,0
5246,0.49576008675495237,Tier B - Activacion estandar,0
5247,0.4420636197022587,Tier B - Activacion estandar,0
5248,0.4714225434714759,Tier B - Activacion estandar,0
5249,0.5163422062143536,Tier B - Activacion estandar,0
5250,0.5047959840157231,Tier B - Activacion estandar,0
5251,0.5637509248547503,Tier B - Activacion estandar,0
5252,0.43447616717651444,Tier B - Activacion estandar,0
5253,0.45836238639882193,Tier B - Activacion estandar,0
5254,0.581801568536931,Tier B - Activacion estandar,0
